arm,celltype,locus,strategy,full_enrichment,leave_one_locus_out_enrichment,influence_full_minus_leaveout,n_pairs_removed,n_positives_removed
armA,Ast,10_59978394_G_T,fitted_top1,0.7295918367346939,0.6793552812071331,0.05023655552756079,3,2
armA,Ast,10_59978394_G_T,empirical_mode,0.7295918367346939,0.6793552812071331,0.05023655552756079,3,2
armA,Ast,10_59978394_G_T,ld_sign,0.7295918367346939,0.6793552812071331,0.05023655552756079,3,2
armA,Ast,10_59978394_G_T,single_lead,1.003188775510204,1.0675582990397805,-0.06436952352957648,3,2
armA,Ast,11_60254475_G_A,fitted_top1,0.7295918367346939,0.7510743801652893,-0.021482543430595413,2,1
armA,Ast,11_60254475_G_A,empirical_mode,0.7295918367346939,0.7510743801652893,-0.021482543430595413,2,1
armA,Ast,11_60254475_G_A,ld_sign,0.7295918367346939,0.7510743801652893,-0.021482543430595413,2,1
armA,Ast,11_60254475_G_A,single_lead,1.003188775510204,1.032727272727273,-0.029538497217068915,2,1
armA,Ast,11_86089237_G_A,fitted_top1,0.7295918367346939,0.7917408330366678,-0.0621489963019739,8,3
armA,Ast,11_86089237_G_A,empirical_mode,0.7295918367346939,0.7917408330366678,-0.0621489963019739,8,3
armA,Ast,11_86089237_G_A,ld_sign,0.7295918367346939,0.7917408330366678,-0.0621489963019739,8,3
armA,Ast,11_86089237_G_A,single_lead,1.003188775510204,1.0886436454254182,-0.08545486991521423,8,3
armA,Ast,14_52832135_A_G,fitted_top1,0.7295918367346939,0.7626886145404663,-0.03309677780577247,8,2
armA,Ast,14_52832135_A_G,empirical_mode,0.7295918367346939,0.7626886145404663,-0.03309677780577247,8,2
armA,Ast,14_52832135_A_G,ld_sign,0.7295918367346939,0.7626886145404663,-0.03309677780577247,8,2
armA,Ast,14_52832135_A_G,single_lead,1.003188775510204,1.048696844993141,-0.045508069482937064,8,2
armA,Ast,15_58764824_T_A,fitted_top1,0.7295918367346939,0.7193877551020408,0.010204081632653073,4,0
armA,Ast,15_58764824_T_A,empirical_mode,0.7295918367346939,0.7193877551020408,0.010204081632653073,4,0
armA,Ast,15_58764824_T_A,ld_sign,0.7295918367346939,0.7193877551020408,0.010204081632653073,4,0
armA,Ast,15_58764824_T_A,single_lead,1.003188775510204,0.989158163265306,0.014030612244897989,4,0
armA,Ast,15_63277703_C_T,fitted_top1,0.7295918367346939,0.6168639053254438,0.11272793140925008,8,4
armA,Ast,15_63277703_C_T,empirical_mode,0.7295918367346939,0.6168639053254438,0.11272793140925008,8,4
armA,Ast,15_63277703_C_T,ld_sign,0.7295918367346939,0.6168639053254438,0.11272793140925008,8,4
armA,Ast,15_63277703_C_T,single_lead,1.003188775510204,0.9252958579881656,0.07789291752203842,8,4
armA,Ast,17_44364976_T_C,fitted_top1,0.7295918367346939,0.737997256515775,-0.008405419781081114,17,2
armA,Ast,17_44364976_T_C,empirical_mode,0.7295918367346939,0.737997256515775,-0.008405419781081114,17,2
armA,Ast,17_44364976_T_C,ld_sign,0.7295918367346939,0.737997256515775,-0.008405419781081114,17,2
armA,Ast,17_44364976_T_C,single_lead,1.003188775510204,1.0147462277091905,-0.011557452198986518,17,2
armA,Ast,17_46062125_A_C,fitted_top1,0.7295918367346939,0.8446180555555556,-0.11502621882086173,8,8
armA,Ast,17_46062125_A_C,empirical_mode,0.7295918367346939,0.8446180555555556,-0.11502621882086173,8,8
armA,Ast,17_46062125_A_C,ld_sign,0.7295918367346939,0.8446180555555556,-0.11502621882086173,8,8
armA,Ast,17_46062125_A_C,single_lead,1.003188775510204,1.2065972222222223,-0.2034084467120183,8,8
armA,Ast,17_49373413_G_A,fitted_top1,0.7295918367346939,0.7015306122448979,0.028061224489795977,11,0
armA,Ast,17_49373413_G_A,empirical_mode,0.7295918367346939,0.7015306122448979,0.028061224489795977,11,0
armA,Ast,17_49373413_G_A,ld_sign,0.7295918367346939,0.7015306122448979,0.028061224489795977,11,0
armA,Ast,17_49373413_G_A,single_lead,1.003188775510204,0.9646045918367346,0.038584183673469385,11,0
armA,Ast,17_5066645_C_T,fitted_top1,0.7295918367346939,0.7461730153079388,-0.016581178573244926,24,3
armA,Ast,17_5066645_C_T,empirical_mode,0.7295918367346939,0.7461730153079388,-0.016581178573244926,24,3
armA,Ast,17_5066645_C_T,ld_sign,0.7295918367346939,0.7461730153079388,-0.016581178573244926,24,3
armA,Ast,17_5066645_C_T,single_lead,1.003188775510204,1.025987896048416,-0.02279912053821187,24,3
armA,Ast,17_58331728_G_C,fitted_top1,0.7295918367346939,0.7462277091906722,-0.016635872455978307,14,2
armA,Ast,17_58331728_G_C,empirical_mode,0.7295918367346939,0.7462277091906722,-0.016635872455978307,14,2
armA,Ast,17_58331728_G_C,ld_sign,0.7295918367346939,0.7462277091906722,-0.016635872455978307,14,2
armA,Ast,17_58331728_G_C,single_lead,1.003188775510204,1.0260631001371743,-0.022874324626970255,14,2
armA,Ast,17_63468418_C_T,fitted_top1,0.7295918367346939,0.7517146776406035,-0.022122840905909658,12,2
armA,Ast,17_63468418_C_T,empirical_mode,0.7295918367346939,0.7517146776406035,-0.022122840905909658,12,2
armA,Ast,17_63468418_C_T,ld_sign,0.7295918367346939,0.7517146776406035,-0.022122840905909658,12,2
armA,Ast,17_63468418_C_T,single_lead,1.003188775510204,1.0336076817558297,-0.03041890624562571,12,2
armA,Ast,19_44946027_T_G,fitted_top1,0.7295918367346939,0.8003305785123968,-0.0707387417777029,17,1
armA,Ast,19_44946027_T_G,empirical_mode,0.7295918367346939,0.8003305785123968,-0.0707387417777029,17,1
armA,Ast,19_44946027_T_G,ld_sign,0.7295918367346939,0.8003305785123968,-0.0707387417777029,17,1
armA,Ast,19_44946027_T_G,single_lead,1.003188775510204,0.8892561983471075,0.11393257716309657,17,1
armA,Ast,19_48710247_G_A,fitted_top1,0.7295918367346939,0.7404770380918476,-0.010885201357153762,26,3
armA,Ast,19_48710247_G_A,empirical_mode,0.7295918367346939,0.7404770380918476,-0.010885201357153762,26,3
armA,Ast,19_48710247_G_A,ld_sign,0.7295918367346939,0.7404770380918476,-0.010885201357153762,26,3
armA,Ast,19_48710247_G_A,single_lead,1.003188775510204,1.0181559273762906,-0.014967151866086548,26,3
armA,Ast,19_51234736_T_G,fitted_top1,0.7295918367346939,0.7142857142857142,0.015306122448979664,6,0
armA,Ast,19_51234736_T_G,empirical_mode,0.7295918367346939,0.7142857142857142,0.015306122448979664,6,0
armA,Ast,19_51234736_T_G,ld_sign,0.7295918367346939,0.7142857142857142,0.015306122448979664,6,0
armA,Ast,19_51234736_T_G,single_lead,1.003188775510204,0.9821428571428571,0.021045918367346927,6,0
armA,Ast,19_54313903_C_A,fitted_top1,0.7295918367346939,0.6938775510204082,0.0357142857142857,14,0
armA,Ast,19_54313903_C_A,empirical_mode,0.7295918367346939,0.6938775510204082,0.0357142857142857,14,0
armA,Ast,19_54313903_C_A,ld_sign,0.7295918367346939,0.6938775510204082,0.0357142857142857,14,0
armA,Ast,19_54313903_C_A,single_lead,1.003188775510204,0.9540816326530612,0.049107142857142794,14,0
armA,Ast,1_207577223_T_C,fitted_top1,0.7295918367346939,0.7457851239669421,-0.01619328723224822,4,1
armA,Ast,1_207577223_T_C,empirical_mode,0.7295918367346939,0.7457851239669421,-0.01619328723224822,4,1
armA,Ast,1_207577223_T_C,ld_sign,0.7295918367346939,0.7457851239669421,-0.01619328723224822,4,1
armA,Ast,1_207577223_T_C,single_lead,1.003188775510204,0.9322314049586777,0.07095737055152629,4,1
armA,Ast,20_56420643_C_T,fitted_top1,0.7295918367346939,0.7193877551020408,0.010204081632653073,4,0
armA,Ast,20_56420643_C_T,empirical_mode,0.7295918367346939,0.7193877551020408,0.010204081632653073,4,0
armA,Ast,20_56420643_C_T,ld_sign,0.7295918367346939,0.7193877551020408,0.010204081632653073,4,0
armA,Ast,20_56420643_C_T,single_lead,1.003188775510204,0.989158163265306,0.014030612244897989,4,0
armA,Ast,21_26148613_G_T,fitted_top1,0.7295918367346939,0.7193877551020408,0.010204081632653073,4,0
armA,Ast,21_26148613_G_T,empirical_mode,0.7295918367346939,0.7193877551020408,0.010204081632653073,4,0
armA,Ast,21_26148613_G_T,ld_sign,0.7295918367346939,0.7193877551020408,0.010204081632653073,4,0
armA,Ast,21_26148613_G_T,single_lead,1.003188775510204,0.989158163265306,0.014030612244897989,4,0
armA,Ast,2_127133851_A_C,fitted_top1,0.7295918367346939,0.7457851239669421,-0.01619328723224822,4,1
armA,Ast,2_127133851_A_C,empirical_mode,0.7295918367346939,0.7457851239669421,-0.01619328723224822,4,1
armA,Ast,2_127133851_A_C,ld_sign,0.7295918367346939,0.7457851239669421,-0.01619328723224822,4,1
armA,Ast,2_127133851_A_C,single_lead,1.003188775510204,1.0254545454545454,-0.022265769944341374,4,1
armA,Ast,2_233173931_A_C,fitted_top1,0.7295918367346939,0.7945888216447134,-0.0649969849100196,7,3
armA,Ast,2_233173931_A_C,empirical_mode,0.7295918367346939,0.7945888216447134,-0.0649969849100196,7,3
armA,Ast,2_233173931_A_C,ld_sign,0.7295918367346939,0.7945888216447134,-0.0649969849100196,7,3
armA,Ast,2_233173931_A_C,single_lead,1.003188775510204,1.092559629761481,-0.089370854251277,7,3
armA,Ast,5_157099320_A_G,fitted_top1,0.7295918367346939,0.721938775510204,0.007653061224489832,3,0
armA,Ast,5_157099320_A_G,empirical_mode,0.7295918367346939,0.721938775510204,0.007653061224489832,3,0
armA,Ast,5_157099320_A_G,ld_sign,0.7295918367346939,0.721938775510204,0.007653061224489832,3,0
armA,Ast,5_157099320_A_G,single_lead,1.003188775510204,0.9926658163265306,0.010522959183673408,3,0
armA,Ast,6_47584444_A_T,fitted_top1,0.7295918367346939,0.7244897959183674,0.005102040816326481,2,0
armA,Ast,6_47584444_A_T,empirical_mode,0.7295918367346939,0.7244897959183674,0.005102040816326481,2,0
armA,Ast,6_47584444_A_T,ld_sign,0.7295918367346939,0.7244897959183674,0.005102040816326481,2,0
armA,Ast,6_47584444_A_T,single_lead,1.003188775510204,0.9961734693877552,0.007015306122448828,2,0
armA,Ast,7_100334426_C_T,fitted_top1,0.7295918367346939,0.8112267994567677,-0.08163496272207382,30,9
armA,Ast,7_100334426_C_T,empirical_mode,0.7295918367346939,0.8112267994567677,-0.08163496272207382,30,9
armA,Ast,7_100334426_C_T,ld_sign,0.7295918367346939,0.8112267994567677,-0.08163496272207382,30,9
armA,Ast,7_100334426_C_T,single_lead,1.003188775510204,1.0430058850158443,-0.039817109505640325,30,9
armA,Ast,7_12229132_A_C,fitted_top1,0.7295918367346939,0.7244897959183674,0.005102040816326481,2,0
armA,Ast,7_12229132_A_C,empirical_mode,0.7295918367346939,0.7244897959183674,0.005102040816326481,2,0
armA,Ast,7_12229132_A_C,ld_sign,0.7295918367346939,0.7244897959183674,0.005102040816326481,2,0
armA,Ast,7_12229132_A_C,single_lead,1.003188775510204,0.9961734693877552,0.007015306122448828,2,0
armA,Ast,8_144053248_G_A,fitted_top1,0.7295918367346939,0.6972,0.03239183673469381,37,6
armA,Ast,8_144053248_G_A,empirical_mode,0.7295918367346939,0.6972,0.03239183673469381,37,6
armA,Ast,8_144053248_G_A,ld_sign,0.7295918367346939,0.6972,0.03239183673469381,37,6
armA,Ast,8_144053248_G_A,single_lead,1.003188775510204,0.9960000000000001,0.007188775510203915,37,6
armA,Ast,8_27608798_T_C,fitted_top1,0.7295918367346939,0.6952652189391243,0.03432661779556956,7,3
armA,Ast,8_27608798_T_C,empirical_mode,0.7295918367346939,0.6952652189391243,0.03432661779556956,7,3
armA,Ast,8_27608798_T_C,ld_sign,0.7295918367346939,0.6952652189391243,0.03432661779556956,7,3
armA,Ast,8_27608798_T_C,single_lead,1.003188775510204,0.8939124243503026,0.10927635115990142,7,3
armA,Exc,10_59978394_G_T,fitted_top1,0.887593963055766,0.878698224852071,0.008895738203694936,2,1
armA,Exc,10_59978394_G_T,empirical_mode,0.887593963055766,0.878698224852071,0.008895738203694936,2,1
armA,Exc,10_59978394_G_T,ld_sign,0.887593963055766,0.878698224852071,0.008895738203694936,2,1
armA,Exc,10_59978394_G_T,single_lead,0.935143639648039,0.9426035502958581,-0.007459910647819035,2,1
armA,Exc,11_60254475_G_A,fitted_top1,0.887593963055766,0.8810675368568266,0.006526426198939395,2,0
armA,Exc,11_60254475_G_A,empirical_mode,0.887593963055766,0.8810675368568266,0.006526426198939395,2,0
armA,Exc,11_60254475_G_A,ld_sign,0.887593963055766,0.8810675368568266,0.006526426198939395,2,0
armA,Exc,11_60254475_G_A,single_lead,0.935143639648039,0.9282675834741565,0.006876056173882539,2,0
armA,Exc,11_86089237_G_A,fitted_top1,0.887593963055766,0.8819199999999999,0.0056739630557660625,7,6
armA,Exc,11_86089237_G_A,empirical_mode,0.887593963055766,0.8819199999999999,0.0056739630557660625,7,6
armA,Exc,11_86089237_G_A,ld_sign,0.887593963055766,0.8819199999999999,0.0056739630557660625,7,6
armA,Exc,11_86089237_G_A,single_lead,0.935143639648039,0.94976,-0.01461636035196101,7,6
armA,Exc,14_52832135_A_G,fitted_top1,0.887593963055766,0.88623046875,0.0013634943057659887,8,3
armA,Exc,14_52832135_A_G,empirical_mode,0.887593963055766,0.88623046875,0.0013634943057659887,8,3
armA,Exc,14_52832135_A_G,ld_sign,0.887593963055766,0.88623046875,0.0013634943057659887,8,3
armA,Exc,14_52832135_A_G,single_lead,0.935143639648039,0.9345703125,0.0005733271480390378,8,3
armA,Exc,15_58764824_T_A,fitted_top1,0.887593963055766,0.8824589868397331,0.005134976216032872,5,2
armA,Exc,15_58764824_T_A,empirical_mode,0.887593963055766,0.8824589868397331,0.005134976216032872,5,2
armA,Exc,15_58764824_T_A,ld_sign,0.887593963055766,0.8824589868397331,0.005134976216032872,5,2
armA,Exc,15_58764824_T_A,single_lead,0.935143639648039,0.9305931133946277,0.004550526253411347,5,2
armA,Exc,15_63277703_C_T,fitted_top1,0.887593963055766,0.8789672216441208,0.008626741411645211,7,7
armA,Exc,15_63277703_C_T,empirical_mode,0.887593963055766,0.8789672216441208,0.008626741411645211,7,7
armA,Exc,15_63277703_C_T,ld_sign,0.887593963055766,0.8789672216441208,0.008626741411645211,7,7
armA,Exc,15_63277703_C_T,single_lead,0.935143639648039,0.9306711758584807,0.004472463789558345,7,7
armA,Exc,17_44364976_T_C,fitted_top1,0.887593963055766,0.872073361082206,0.015520601973559978,19,7
armA,Exc,17_44364976_T_C,empirical_mode,0.887593963055766,0.872073361082206,0.015520601973559978,19,7
armA,Exc,17_44364976_T_C,ld_sign,0.887593963055766,0.872073361082206,0.015520601973559978,19,7
armA,Exc,17_44364976_T_C,single_lead,0.935143639648039,0.9378902185223725,-0.002746578874333494,19,7
armA,Exc,17_46062125_A_C,fitted_top1,0.887593963055766,0.8865754511203648,0.0010185119354011452,9,8
armA,Exc,17_46062125_A_C,empirical_mode,0.887593963055766,0.8865754511203648,0.0010185119354011452,9,8
armA,Exc,17_46062125_A_C,ld_sign,0.887593963055766,0.8865754511203648,0.0010185119354011452,9,8
armA,Exc,17_46062125_A_C,single_lead,0.935143639648039,0.9561107806200013,-0.020967140971962284,9,8
armA,Exc,17_49373413_G_A,fitted_top1,0.887593963055766,0.8955078125,-0.007913849444234011,10,3
armA,Exc,17_49373413_G_A,empirical_mode,0.887593963055766,0.8955078125,-0.007913849444234011,10,3
armA,Exc,17_49373413_G_A,ld_sign,0.887593963055766,0.8955078125,-0.007913849444234011,10,3
armA,Exc,17_49373413_G_A,single_lead,0.935143639648039,0.927490234375,0.007653405273039038,10,3
armA,Exc,17_5066645_C_T,fitted_top1,0.887593963055766,0.9086127996721535,-0.021018836616387482,21,10
armA,Exc,17_5066645_C_T,empirical_mode,0.887593963055766,0.9086127996721535,-0.021018836616387482,21,10
armA,Exc,17_5066645_C_T,ld_sign,0.887593963055766,0.9086127996721535,-0.021018836616387482,21,10
armA,Exc,17_5066645_C_T,single_lead,0.935143639648039,0.9257564374018168,0.009387202246222248,21,10
armA,Exc,17_58331728_G_C,fitted_top1,0.887593963055766,0.9007306626354246,-0.013136699579658573,12,5
armA,Exc,17_58331728_G_C,empirical_mode,0.887593963055766,0.9007306626354246,-0.013136699579658573,12,5
armA,Exc,17_58331728_G_C,ld_sign,0.887593963055766,0.9007306626354246,-0.013136699579658573,12,5
armA,Exc,17_58331728_G_C,single_lead,0.935143639648039,0.9334845049130763,0.0016591347349627084,12,5
armA,Exc,17_63468418_C_T,fitted_top1,0.887593963055766,0.8667024993281376,0.0208914637276284,14,9
armA,Exc,17_63468418_C_T,empirical_mode,0.887593963055766,0.8667024993281376,0.0208914637276284,14,9
armA,Exc,17_63468418_C_T,ld_sign,0.887593963055766,0.8667024993281376,0.0208914637276284,14,9
armA,Exc,17_63468418_C_T,single_lead,0.935143639648039,0.9360386992743885,-0.0008950596263495036,14,9
armA,Exc,19_44946027_T_G,fitted_top1,0.887593963055766,0.8972663139329805,-0.00967235087721452,13,5
armA,Exc,19_44946027_T_G,empirical_mode,0.887593963055766,0.8972663139329805,-0.00967235087721452,13,5
armA,Exc,19_44946027_T_G,ld_sign,0.887593963055766,0.8972663139329805,-0.00967235087721452,13,5
armA,Exc,19_44946027_T_G,single_lead,0.935143639648039,0.9462081128747795,-0.011064473226740423,13,5
armA,Exc,19_48710247_G_A,fitted_top1,0.887593963055766,0.9105098855359001,-0.022915922480134077,22,7
armA,Exc,19_48710247_G_A,empirical_mode,0.887593963055766,0.9105098855359001,-0.022915922480134077,22,7
armA,Exc,19_48710247_G_A,ld_sign,0.887593963055766,0.9105098855359001,-0.022915922480134077,22,7
armA,Exc,19_48710247_G_A,single_lead,0.935143639648039,0.9267689906347555,0.008374649013283553,22,7
armA,Exc,19_51234736_T_G,fitted_top1,0.887593963055766,0.8800048828125,0.007589080243265989,5,3
armA,Exc,19_51234736_T_G,empirical_mode,0.887593963055766,0.8800048828125,0.007589080243265989,5,3
armA,Exc,19_51234736_T_G,ld_sign,0.887593963055766,0.8800048828125,0.007589080243265989,5,3
armA,Exc,19_51234736_T_G,single_lead,0.935143639648039,0.9451904296875,-0.010046790039460962,5,3
armA,Exc,19_54313903_C_A,fitted_top1,0.887593963055766,0.8797817595635191,0.007812203492246872,14,4
armA,Exc,19_54313903_C_A,empirical_mode,0.887593963055766,0.8797817595635191,0.007812203492246872,14,4
armA,Exc,19_54313903_C_A,ld_sign,0.887593963055766,0.8797817595635191,0.007812203492246872,14,4
armA,Exc,19_54313903_C_A,single_lead,0.935143639648039,0.959761919523839,-0.02461827987580001,14,4
armA,Exc,1_207577223_T_C,fitted_top1,0.887593963055766,0.899658203125,-0.012064240069234011,4,3
armA,Exc,1_207577223_T_C,empirical_mode,0.887593963055766,0.899658203125,-0.012064240069234011,4,3
armA,Exc,1_207577223_T_C,ld_sign,0.887593963055766,0.899658203125,-0.012064240069234011,4,3
armA,Exc,1_207577223_T_C,single_lead,0.935143639648039,0.932373046875,0.002770592773039038,4,3
armA,Exc,20_56420643_C_T,fitted_top1,0.887593963055766,0.8696592752839373,0.017934687771828717,4,2
armA,Exc,20_56420643_C_T,empirical_mode,0.887593963055766,0.8696592752839373,0.017934687771828717,4,2
armA,Exc,20_56420643_C_T,ld_sign,0.887593963055766,0.8696592752839373,0.017934687771828717,4,2
armA,Exc,20_56420643_C_T,single_lead,0.935143639648039,0.9501832822546722,-0.015039642606633152,4,2
armA,Exc,21_26148613_G_T,fitted_top1,0.887593963055766,0.8824589868397331,0.005134976216032872,5,2
armA,Exc,21_26148613_G_T,empirical_mode,0.887593963055766,0.8824589868397331,0.005134976216032872,5,2
armA,Exc,21_26148613_G_T,ld_sign,0.887593963055766,0.8824589868397331,0.005134976216032872,5,2
armA,Exc,21_26148613_G_T,single_lead,0.935143639648039,0.9466378222462591,-0.011494182598220104,5,2
armA,Exc,2_127133851_A_C,fitted_top1,0.887593963055766,0.8857640766780842,0.0018298863776817775,4,2
armA,Exc,2_127133851_A_C,empirical_mode,0.887593963055766,0.8857640766780842,0.0018298863776817775,4,2
armA,Exc,2_127133851_A_C,ld_sign,0.887593963055766,0.8857640766780842,0.0018298863776817775,4,2
armA,Exc,2_127133851_A_C,single_lead,0.935143639648039,0.9340784808605253,0.001065158787513787,4,2
armA,Exc,2_233173931_A_C,fitted_top1,0.887593963055766,0.9047619047619048,-0.01716794170613878,6,5
armA,Exc,2_233173931_A_C,empirical_mode,0.887593963055766,0.9047619047619048,-0.01716794170613878,6,5
armA,Exc,2_233173931_A_C,ld_sign,0.887593963055766,0.9047619047619048,-0.01716794170613878,6,5
armA,Exc,2_233173931_A_C,single_lead,0.935143639648039,0.9550264550264551,-0.019882815378416074,6,5
armA,Exc,5_157099320_A_G,fitted_top1,0.887593963055766,0.89630126953125,-0.008707306475484011,5,3
armA,Exc,5_157099320_A_G,empirical_mode,0.887593963055766,0.89630126953125,-0.008707306475484011,5,3
armA,Exc,5_157099320_A_G,ld_sign,0.887593963055766,0.89630126953125,-0.008707306475484011,5,3
armA,Exc,5_157099320_A_G,single_lead,0.935143639648039,0.92889404296875,0.006249596679289038,5,3
armA,Exc,6_47584444_A_T,fitted_top1,0.887593963055766,0.878698224852071,0.008895738203694936,2,1
armA,Exc,6_47584444_A_T,empirical_mode,0.887593963055766,0.878698224852071,0.008895738203694936,2,1
armA,Exc,6_47584444_A_T,ld_sign,0.887593963055766,0.878698224852071,0.008895738203694936,2,1
armA,Exc,6_47584444_A_T,single_lead,0.935143639648039,0.9426035502958581,-0.007459910647819035,2,1
armA,Exc,7_100334426_C_T,fitted_top1,0.887593963055766,0.8875739644970414,1.9998558724587667e-05,29,14
armA,Exc,7_100334426_C_T,empirical_mode,0.887593963055766,0.8875739644970414,1.9998558724587667e-05,29,14
armA,Exc,7_100334426_C_T,ld_sign,0.887593963055766,0.8875739644970414,1.9998558724587667e-05,29,14
armA,Exc,7_100334426_C_T,single_lead,0.935143639648039,0.9053254437869823,0.029818195861056718,29,14
armA,Exc,7_12229132_A_C,fitted_top1,0.887593963055766,0.8913609467455622,-0.0037669836897962217,3,1
armA,Exc,7_12229132_A_C,empirical_mode,0.887593963055766,0.8913609467455622,-0.0037669836897962217,3,1
armA,Exc,7_12229132_A_C,ld_sign,0.887593963055766,0.8913609467455622,-0.0037669836897962217,3,1
armA,Exc,7_12229132_A_C,single_lead,0.935143639648039,0.9391124260355029,-0.003968786387463896,3,1
armA,Exc,8_144053248_G_A,fitted_top1,0.887593963055766,0.9197384066587396,-0.03214444360297364,34,15
armA,Exc,8_144053248_G_A,empirical_mode,0.887593963055766,0.9197384066587396,-0.03214444360297364,34,15
armA,Exc,8_144053248_G_A,ld_sign,0.887593963055766,0.9197384066587396,-0.03214444360297364,34,15
armA,Exc,8_144053248_G_A,single_lead,0.935143639648039,0.9374256837098692,-0.0022820440618301907,34,15
armA,Exc,8_27608798_T_C,fitted_top1,0.887593963055766,0.876708984375,0.010884978680765989,6,3
armA,Exc,8_27608798_T_C,empirical_mode,0.887593963055766,0.876708984375,0.010884978680765989,6,3
armA,Exc,8_27608798_T_C,ld_sign,0.887593963055766,0.876708984375,0.010884978680765989,6,3
armA,Exc,8_27608798_T_C,single_lead,0.935143639648039,0.941650390625,-0.006506750976960962,6,3
armA,Mic,10_59978394_G_T,fitted_top1,1.671292914536158,1.7044897959183674,-0.03319688138220944,2,2
armA,Mic,10_59978394_G_T,empirical_mode,1.671292914536158,1.7044897959183674,-0.03319688138220944,2,2
armA,Mic,10_59978394_G_T,ld_sign,1.671292914536158,1.7044897959183674,-0.03319688138220944,2,2
armA,Mic,10_59978394_G_T,single_lead,1.4141709276844412,1.420408163265306,-0.006237235580864864,2,2
armA,Mic,11_60254475_G_A,fitted_top1,1.671292914536158,1.7171717171717171,-0.04587880263555921,6,4
armA,Mic,11_60254475_G_A,empirical_mode,1.671292914536158,1.7171717171717171,-0.04587880263555921,6,4
armA,Mic,11_60254475_G_A,ld_sign,1.671292914536158,1.7171717171717171,-0.04587880263555921,6,4
armA,Mic,11_60254475_G_A,single_lead,1.4141709276844412,1.0927456382001837,0.3214252894842575,6,4
armA,Mic,11_86089237_G_A,fitted_top1,1.671292914536158,1.574074074074074,0.09721884046208396,6,1
armA,Mic,11_86089237_G_A,empirical_mode,1.671292914536158,1.574074074074074,0.09721884046208396,6,1
armA,Mic,11_86089237_G_A,ld_sign,1.671292914536158,1.574074074074074,0.09721884046208396,6,1
armA,Mic,11_86089237_G_A,single_lead,1.4141709276844412,1.4429012345679013,-0.02873030688346012,6,1
armA,Mic,14_52832135_A_G,fitted_top1,1.671292914536158,1.6143170197224253,0.056975894813732664,6,0
armA,Mic,14_52832135_A_G,empirical_mode,1.671292914536158,1.6143170197224253,0.056975894813732664,6,0
armA,Mic,14_52832135_A_G,ld_sign,1.671292914536158,1.6143170197224253,0.056975894813732664,6,0
armA,Mic,14_52832135_A_G,single_lead,1.4141709276844412,1.3659605551497445,0.04821037253469673,6,0
armA,Mic,15_58764824_T_A,fitted_top1,1.671292914536158,1.8146938775510206,-0.14340096301486271,5,2
armA,Mic,15_58764824_T_A,empirical_mode,1.671292914536158,1.8146938775510206,-0.14340096301486271,5,2
armA,Mic,15_58764824_T_A,ld_sign,1.671292914536158,1.8146938775510206,-0.14340096301486271,5,2
armA,Mic,15_58764824_T_A,single_lead,1.4141709276844412,1.3959183673469389,0.018252560337502333,5,2
armA,Mic,15_63277703_C_T,fitted_top1,1.671292914536158,1.793469387755102,-0.12217647321894409,7,2
armA,Mic,15_63277703_C_T,empirical_mode,1.671292914536158,1.793469387755102,-0.12217647321894409,7,2
armA,Mic,15_63277703_C_T,ld_sign,1.671292914536158,1.793469387755102,-0.12217647321894409,7,2
armA,Mic,15_63277703_C_T,single_lead,1.4141709276844412,1.5175510204081633,-0.10338009272372206,7,2
armA,Mic,17_44364976_T_C,fitted_top1,1.671292914536158,1.5763330898466035,0.09495982468955444,10,0
armA,Mic,17_44364976_T_C,empirical_mode,1.671292914536158,1.5763330898466035,0.09495982468955444,10,0
armA,Mic,17_44364976_T_C,ld_sign,1.671292914536158,1.5763330898466035,0.09495982468955444,10,0
armA,Mic,17_44364976_T_C,single_lead,1.4141709276844412,1.33382030679328,0.0803506208911613,10,0
armA,Mic,17_46062125_A_C,fitted_top1,1.671292914536158,1.8842975206611572,-0.21300460612499927,5,4
armA,Mic,17_46062125_A_C,empirical_mode,1.671292914536158,1.8842975206611572,-0.21300460612499927,5,4
armA,Mic,17_46062125_A_C,ld_sign,1.671292914536158,1.8842975206611572,-0.21300460612499927,5,4
armA,Mic,17_46062125_A_C,single_lead,1.4141709276844412,1.4132231404958677,0.0009477871885734679,5,4
armA,Mic,17_49373413_G_A,fitted_top1,1.671292914536158,1.6048210372534697,0.06647187728268822,7,0
armA,Mic,17_49373413_G_A,empirical_mode,1.671292914536158,1.6048210372534697,0.06647187728268822,7,0
armA,Mic,17_49373413_G_A,ld_sign,1.671292914536158,1.6048210372534697,0.06647187728268822,7,0
armA,Mic,17_49373413_G_A,single_lead,1.4141709276844412,1.3579254930606282,0.05624543462381304,7,0
armA,Mic,17_5066645_C_T,fitted_top1,1.671292914536158,1.6816608996539795,-0.010367985117821554,14,3
armA,Mic,17_5066645_C_T,empirical_mode,1.671292914536158,1.6816608996539795,-0.010367985117821554,14,3
armA,Mic,17_5066645_C_T,ld_sign,1.671292914536158,1.6816608996539795,-0.010367985117821554,14,3
armA,Mic,17_5066645_C_T,single_lead,1.4141709276844412,1.5415224913494812,-0.12735156366503997,14,3
armA,Mic,17_58331728_G_C,fitted_top1,1.671292914536158,1.5953250547845144,0.07596785975164355,8,0
armA,Mic,17_58331728_G_C,empirical_mode,1.671292914536158,1.5953250547845144,0.07596785975164355,8,0
armA,Mic,17_58331728_G_C,ld_sign,1.671292914536158,1.5953250547845144,0.07596785975164355,8,0
armA,Mic,17_58331728_G_C,single_lead,1.4141709276844412,1.349890430971512,0.06428049671292912,8,0
armA,Mic,17_63468418_C_T,fitted_top1,1.671292914536158,1.546296296296296,0.12499661823986186,9,1
armA,Mic,17_63468418_C_T,empirical_mode,1.671292914536158,1.546296296296296,0.12499661823986186,9,1
armA,Mic,17_63468418_C_T,ld_sign,1.671292914536158,1.546296296296296,0.12499661823986186,9,1
armA,Mic,17_63468418_C_T,single_lead,1.4141709276844412,1.2885802469135803,0.12559068077086089,9,1
armA,Mic,19_44946027_T_G,fitted_top1,1.671292914536158,1.5085714285714285,0.16272148596472946,8,2
armA,Mic,19_44946027_T_G,empirical_mode,1.671292914536158,1.5085714285714285,0.16272148596472946,8,2
armA,Mic,19_44946027_T_G,ld_sign,1.671292914536158,1.5085714285714285,0.16272148596472946,8,2
armA,Mic,19_44946027_T_G,single_lead,1.4141709276844412,1.2342857142857142,0.17988521339872698,8,2
armA,Mic,19_48710247_G_A,fitted_top1,1.671292914536158,1.5763330898466035,0.09495982468955444,10,0
armA,Mic,19_48710247_G_A,empirical_mode,1.671292914536158,1.5763330898466035,0.09495982468955444,10,0
armA,Mic,19_48710247_G_A,ld_sign,1.671292914536158,1.5763330898466035,0.09495982468955444,10,0
armA,Mic,19_48710247_G_A,single_lead,1.4141709276844412,1.4550766983199417,-0.040905770635500494,10,0
armA,Mic,19_51234736_T_G,fitted_top1,1.671292914536158,1.8040816326530613,-0.1327887181169034,6,2
armA,Mic,19_51234736_T_G,empirical_mode,1.671292914536158,1.8040816326530613,-0.1327887181169034,6,2
armA,Mic,19_51234736_T_G,ld_sign,1.671292914536158,1.8040816326530613,-0.1327887181169034,6,2
armA,Mic,19_51234736_T_G,single_lead,1.4141709276844412,1.2489795918367346,0.16519133584770662,6,2
armA,Mic,19_54313903_C_A,fitted_top1,1.671292914536158,1.6261224489795918,0.04517046555656612,10,2
armA,Mic,19_54313903_C_A,empirical_mode,1.671292914536158,1.6261224489795918,0.04517046555656612,10,2
armA,Mic,19_54313903_C_A,ld_sign,1.671292914536158,1.6261224489795918,0.04517046555656612,10,2
armA,Mic,19_54313903_C_A,single_lead,1.4141709276844412,1.3551020408163263,0.059068886868114845,10,2
armA,Mic,1_207577223_T_C,fitted_top1,1.671292914536158,1.6333089846603361,0.037983929875821776,4,0
armA,Mic,1_207577223_T_C,empirical_mode,1.671292914536158,1.6333089846603361,0.037983929875821776,4,0
armA,Mic,1_207577223_T_C,ld_sign,1.671292914536158,1.6333089846603361,0.037983929875821776,4,0
armA,Mic,1_207577223_T_C,single_lead,1.4141709276844412,1.3820306793279769,0.03214024835646434,4,0
armA,Mic,20_56420643_C_T,fitted_top1,1.671292914536158,1.611111111111111,0.060181803425046976,2,1
armA,Mic,20_56420643_C_T,empirical_mode,1.671292914536158,1.611111111111111,0.060181803425046976,2,1
armA,Mic,20_56420643_C_T,ld_sign,1.671292914536158,1.611111111111111,0.060181803425046976,2,1
armA,Mic,20_56420643_C_T,single_lead,1.4141709276844412,1.3425925925925928,0.07157833509184841,2,1
armA,Mic,21_26148613_G_T,fitted_top1,1.671292914536158,1.6333089846603361,0.037983929875821776,4,0
armA,Mic,21_26148613_G_T,empirical_mode,1.671292914536158,1.6333089846603361,0.037983929875821776,4,0
armA,Mic,21_26148613_G_T,ld_sign,1.671292914536158,1.6333089846603361,0.037983929875821776,4,0
armA,Mic,21_26148613_G_T,single_lead,1.4141709276844412,1.3820306793279769,0.03214024835646434,4,0
armA,Mic,2_127133851_A_C,fitted_top1,1.671292914536158,1.5833333333333333,0.08795958120282465,5,1
armA,Mic,2_127133851_A_C,empirical_mode,1.671292914536158,1.5833333333333333,0.08795958120282465,5,1
armA,Mic,2_127133851_A_C,ld_sign,1.671292914536158,1.5833333333333333,0.08795958120282465,5,1
armA,Mic,2_127133851_A_C,single_lead,1.4141709276844412,1.3194444444444446,0.09472648323999655,5,1
armA,Mic,2_233173931_A_C,fitted_top1,1.671292914536158,1.8040816326530613,-0.1327887181169034,6,2
armA,Mic,2_233173931_A_C,empirical_mode,1.671292914536158,1.8040816326530613,-0.1327887181169034,6,2
armA,Mic,2_233173931_A_C,ld_sign,1.671292914536158,1.8040816326530613,-0.1327887181169034,6,2
armA,Mic,2_233173931_A_C,single_lead,1.4141709276844412,1.2489795918367346,0.16519133584770662,6,2
armA,Mic,5_157099320_A_G,fitted_top1,1.671292914536158,1.652300949598247,0.018991964937910888,2,0
armA,Mic,5_157099320_A_G,empirical_mode,1.671292914536158,1.652300949598247,0.018991964937910888,2,0
armA,Mic,5_157099320_A_G,ld_sign,1.671292914536158,1.652300949598247,0.018991964937910888,2,0
armA,Mic,5_157099320_A_G,single_lead,1.4141709276844412,1.398100803506209,0.01607012417823217,2,0
armA,Mic,6_47584444_A_T,fitted_top1,1.671292914536158,1.6203703703703702,0.050922544165787675,1,1
armA,Mic,6_47584444_A_T,empirical_mode,1.671292914536158,1.6203703703703702,0.050922544165787675,1,1
armA,Mic,6_47584444_A_T,ld_sign,1.671292914536158,1.6203703703703702,0.050922544165787675,1,1
armA,Mic,6_47584444_A_T,single_lead,1.4141709276844412,1.3503086419753088,0.06386228570913244,1,1
armA,Mic,7_100334426_C_T,fitted_top1,1.671292914536158,1.719183673469388,-0.047890758933230027,14,2
armA,Mic,7_100334426_C_T,empirical_mode,1.671292914536158,1.719183673469388,-0.047890758933230027,14,2
armA,Mic,7_100334426_C_T,ld_sign,1.671292914536158,1.719183673469388,-0.047890758933230027,14,2
armA,Mic,7_100334426_C_T,single_lead,1.4141709276844412,1.4546938775510205,-0.04052294986657934,14,2
armA,Mic,7_12229132_A_C,fitted_top1,1.671292914536158,1.7453703703703705,-0.07407745583421255,2,1
armA,Mic,7_12229132_A_C,empirical_mode,1.671292914536158,1.7453703703703705,-0.07407745583421255,2,1
armA,Mic,7_12229132_A_C,ld_sign,1.671292914536158,1.7453703703703705,-0.07407745583421255,2,1
armA,Mic,7_12229132_A_C,single_lead,1.4141709276844412,1.3425925925925928,0.07157833509184841,2,1
armA,Mic,8_144053248_G_A,fitted_top1,1.671292914536158,1.8330449826989619,-0.16175206816280396,13,3
armA,Mic,8_144053248_G_A,empirical_mode,1.671292914536158,1.8330449826989619,-0.16175206816280396,13,3
armA,Mic,8_144053248_G_A,ld_sign,1.671292914536158,1.8330449826989619,-0.16175206816280396,13,3
armA,Mic,8_144053248_G_A,single_lead,1.4141709276844412,1.4100346020761247,0.004136325608316449,13,3
armA,Mic,8_27608798_T_C,fitted_top1,1.671292914536158,1.7253086419753085,-0.05401572743915062,4,1
armA,Mic,8_27608798_T_C,empirical_mode,1.671292914536158,1.7253086419753085,-0.05401572743915062,4,1
armA,Mic,8_27608798_T_C,ld_sign,1.671292914536158,1.7253086419753085,-0.05401572743915062,4,1
armA,Mic,8_27608798_T_C,single_lead,1.4141709276844412,1.4598765432098766,-0.045705615525435395,4,1
armB,Ast,10_11676714_A_G,fitted_top1,0.5254269093638582,0.5471136679230311,-0.021686758559172903,6,2
armB,Ast,10_11676714_A_G,empirical_mode,0.6004878964158379,0.625272763340607,-0.02478486692476911,6,2
armB,Ast,10_11676714_A_G,ld_sign,0.6004878964158379,0.625272763340607,-0.02478486692476911,6,2
armB,Ast,10_11676714_A_G,single_lead,1.0508538187277163,1.0942273358460621,-0.043373517118345806,6,2
armB,Ast,10_59978394_G_T,fitted_top1,0.5254269093638582,0.4725252926006745,0.05290161676318367,3,2
armB,Ast,10_59978394_G_T,empirical_mode,0.6004878964158379,0.5512795080341202,0.049208388381717705,3,2
armB,Ast,10_59978394_G_T,ld_sign,0.6004878964158379,0.5512795080341202,0.049208388381717705,3,2
armB,Ast,10_59978394_G_T,single_lead,1.0508538187277163,1.1025590160682404,-0.051705197340524034,3,2
armB,Ast,11_121564878_T_C,fitted_top1,0.5254269093638582,0.5214862075436292,0.003940701820228987,3,0
armB,Ast,11_121564878_T_C,empirical_mode,0.6004878964158379,0.595984237192719,0.004503659223118905,3,0
armB,Ast,11_121564878_T_C,ld_sign,0.6004878964158379,0.595984237192719,0.004503659223118905,3,0
armB,Ast,11_121564878_T_C,single_lead,1.0508538187277163,1.0429724150872584,0.007881403640457973,3,0
armB,Ast,11_47358789_G_T,fitted_top1,0.5254269093638582,0.5752595155709342,-0.04983260620707608,20,5
armB,Ast,11_47358789_G_T,empirical_mode,0.6004878964158379,0.657439446366782,-0.05695154995094409,20,5
armB,Ast,11_47358789_G_T,ld_sign,0.6004878964158379,0.657439446366782,-0.05695154995094409,20,5
armB,Ast,11_47358789_G_T,single_lead,1.0508538187277163,1.0683391003460208,-0.017485281618304427,20,5
armB,Ast,11_60254475_G_A,fitted_top1,0.5254269093638582,0.5374228395061729,-0.011995930142314704,2,1
armB,Ast,11_60254475_G_A,empirical_mode,0.6004878964158379,0.6141975308641975,-0.013709634448359598,2,1
armB,Ast,11_60254475_G_A,ld_sign,0.6004878964158379,0.6141975308641975,-0.013709634448359598,2,1
armB,Ast,11_60254475_G_A,single_lead,1.0508538187277163,1.0748456790123457,-0.023991860284629407,2,1
armB,Ast,11_86089237_G_A,fitted_top1,0.5254269093638582,0.56,-0.03457309063614189,8,3
armB,Ast,11_86089237_G_A,empirical_mode,0.6004878964158379,0.64,-0.03951210358416213,8,3
armB,Ast,11_86089237_G_A,ld_sign,0.6004878964158379,0.64,-0.03951210358416213,8,3
armB,Ast,11_86089237_G_A,single_lead,1.0508538187277163,1.12,-0.06914618127228378,8,3
armB,Ast,14_52832135_A_G,fitted_top1,0.5254269093638582,0.5443364411823051,-0.0189095318184469,8,2
armB,Ast,14_52832135_A_G,empirical_mode,0.6004878964158379,0.6220987899226343,-0.021610893506796458,8,2
armB,Ast,14_52832135_A_G,ld_sign,0.6004878964158379,0.6220987899226343,-0.021610893506796458,8,2
armB,Ast,14_52832135_A_G,single_lead,1.0508538187277163,1.0886728823646101,-0.0378190636368938,8,2
armB,Ast,14_92472511_G_A,fitted_top1,0.5254269093638582,0.5585714285714286,-0.033144519207570444,9,3
armB,Ast,14_92472511_G_A,empirical_mode,0.6004878964158379,0.6383673469387755,-0.03787945052293762,9,3
armB,Ast,14_92472511_G_A,ld_sign,0.6004878964158379,0.6383673469387755,-0.03787945052293762,9,3
armB,Ast,14_92472511_G_A,single_lead,1.0508538187277163,1.1171428571428572,-0.06628903841514089,9,3
armB,Ast,15_58764824_T_A,fitted_top1,0.5254269093638582,0.5201726402702196,0.005254269093638575,4,0
armB,Ast,15_58764824_T_A,empirical_mode,0.6004878964158379,0.5944830174516795,0.0060048789641583555,4,0
armB,Ast,15_58764824_T_A,ld_sign,0.6004878964158379,0.5944830174516795,0.0060048789641583555,4,0
armB,Ast,15_58764824_T_A,single_lead,1.0508538187277163,1.0403452805404392,0.01050853818727715,4,0
armB,Ast,15_63277703_C_T,fitted_top1,0.5254269093638582,0.4940138626339004,0.03141304672995776,8,4
armB,Ast,15_63277703_C_T,empirical_mode,0.6004878964158379,0.5763495064062172,0.024138390009620703,8,4
armB,Ast,15_63277703_C_T,ld_sign,0.6004878964158379,0.5763495064062172,0.024138390009620703,8,4
armB,Ast,15_63277703_C_T,single_lead,1.0508538187277163,0.9880277252678008,0.06282609345991552,8,4
armB,Ast,17_44364976_T_C,fitted_top1,0.5254269093638582,0.5318389208490378,-0.0064120114851796695,17,2
armB,Ast,17_44364976_T_C,empirical_mode,0.6004878964158379,0.6078159095417576,-0.007328013125919686,17,2
armB,Ast,17_44364976_T_C,ld_sign,0.6004878964158379,0.6078159095417576,-0.007328013125919686,17,2
armB,Ast,17_44364976_T_C,single_lead,1.0508538187277163,1.0636778416980757,-0.012824022970359339,17,2
armB,Ast,17_46062125_A_C,fitted_top1,0.5254269093638582,0.5566863905325444,-0.031259481168686265,8,8
armB,Ast,17_46062125_A_C,empirical_mode,0.6004878964158379,0.5566863905325444,0.04380150588329346,8,8
armB,Ast,17_46062125_A_C,ld_sign,0.6004878964158379,0.5566863905325444,0.04380150588329346,8,8
armB,Ast,17_46062125_A_C,single_lead,1.0508538187277163,1.1133727810650889,-0.06251896233737253,8,8
armB,Ast,17_49373413_G_A,fitted_top1,0.5254269093638582,0.510977669356352,0.014449240007506137,11,0
armB,Ast,17_49373413_G_A,empirical_mode,0.6004878964158379,0.5839744792644023,0.016513417151435617,11,0
armB,Ast,17_49373413_G_A,ld_sign,0.6004878964158379,0.5839744792644023,0.016513417151435617,11,0
armB,Ast,17_49373413_G_A,single_lead,1.0508538187277163,1.021955338712704,0.028898480015012273,11,0
armB,Ast,17_5066645_C_T,fitted_top1,0.5254269093638582,0.46040816326530615,0.06501874609855202,24,3
armB,Ast,17_5066645_C_T,empirical_mode,0.6004878964158379,0.5371428571428571,0.06334503927298074,24,3
armB,Ast,17_5066645_C_T,ld_sign,0.6004878964158379,0.5371428571428571,0.06334503927298074,24,3
armB,Ast,17_5066645_C_T,single_lead,1.0508538187277163,1.0742857142857143,-0.02343189555799796,24,3
armB,Ast,17_58331728_G_C,fitted_top1,0.5254269093638582,0.536004760960127,-0.010577851596268784,14,2
armB,Ast,17_58331728_G_C,empirical_mode,0.6004878964158379,0.6125768696687166,-0.01208897325287872,14,2
armB,Ast,17_58331728_G_C,ld_sign,0.6004878964158379,0.6125768696687166,-0.01208897325287872,14,2
armB,Ast,17_58331728_G_C,single_lead,1.0508538187277163,1.072009521920254,-0.021155703192537567,14,2
armB,Ast,17_63468418_C_T,fitted_top1,0.5254269093638582,0.5387819877008531,-0.013355078336994897,12,2
armB,Ast,17_63468418_C_T,empirical_mode,0.6004878964158379,0.6157508430866891,-0.015262946670851263,12,2
armB,Ast,17_63468418_C_T,ld_sign,0.6004878964158379,0.6157508430866891,-0.015262946670851263,12,2
armB,Ast,17_63468418_C_T,single_lead,1.0508538187277163,1.0775639754017061,-0.026710156673989793,12,2
armB,Ast,19_1050875_A_G,fitted_top1,0.5254269093638582,0.5691690799732679,-0.04374217060940977,35,6
armB,Ast,19_1050875_A_G,empirical_mode,0.6004878964158379,0.6504789485408777,-0.04999105212503985,35,6
armB,Ast,19_1050875_A_G,ld_sign,0.6004878964158379,0.6504789485408777,-0.04999105212503985,35,6
armB,Ast,19_1050875_A_G,single_lead,1.0508538187277163,1.0570282913789264,-0.006174472651210072,35,6
armB,Ast,19_44908684_T_C,fitted_top1,0.5254269093638582,0.5171682098765432,0.008258699487314947,17,1
armB,Ast,19_44908684_T_C,empirical_mode,0.6004878964158379,0.5910493827160493,0.009438513699788542,17,1
armB,Ast,19_44908684_T_C,ld_sign,0.6004878964158379,0.5910493827160493,0.009438513699788542,17,1
armB,Ast,19_44908684_T_C,single_lead,1.0508538187277163,0.9604552469135803,0.09039857181413602,17,1
armB,Ast,19_44946027_T_G,fitted_top1,0.5254269093638582,0.5171682098765432,0.008258699487314947,17,1
armB,Ast,19_44946027_T_G,empirical_mode,0.6004878964158379,0.5910493827160493,0.009438513699788542,17,1
armB,Ast,19_44946027_T_G,ld_sign,0.6004878964158379,0.5910493827160493,0.009438513699788542,17,1
armB,Ast,19_44946027_T_G,single_lead,1.0508538187277163,0.9604552469135803,0.09039857181413602,17,1
armB,Ast,19_48710247_G_A,fitted_top1,0.5254269093638582,0.5342857142857144,-0.0088588049218562,26,3
armB,Ast,19_48710247_G_A,empirical_mode,0.6004878964158379,0.6106122448979592,-0.010124348482121293,26,3
armB,Ast,19_48710247_G_A,ld_sign,0.6004878964158379,0.6106122448979592,-0.010124348482121293,26,3
armB,Ast,19_48710247_G_A,single_lead,1.0508538187277163,0.9922448979591837,0.058608920768532635,26,3
armB,Ast,19_51234736_T_G,fitted_top1,0.5254269093638582,0.5175455057234002,0.007881403640457973,6,0
armB,Ast,19_51234736_T_G,empirical_mode,0.6004878964158379,0.5914805779696003,0.009007318446237589,6,0
armB,Ast,19_51234736_T_G,ld_sign,0.6004878964158379,0.5914805779696003,0.009007318446237589,6,0
armB,Ast,19_51234736_T_G,single_lead,1.0508538187277163,1.0350910114468004,0.015762807280915947,6,0
armB,Ast,19_54313903_C_A,fitted_top1,0.5254269093638582,0.507036967536123,0.018389941827735123,14,0
armB,Ast,19_54313903_C_A,empirical_mode,0.6004878964158379,0.5794708200412835,0.02101707637455441,14,0
armB,Ast,19_54313903_C_A,ld_sign,0.6004878964158379,0.5794708200412835,0.02101707637455441,14,0
armB,Ast,19_54313903_C_A,single_lead,1.0508538187277163,1.014073935072246,0.03677988365547025,14,0
armB,Ast,1_207577223_T_C,fitted_top1,0.5254269093638582,0.5347222222222222,-0.009295312858364047,4,1
armB,Ast,1_207577223_T_C,empirical_mode,0.6004878964158379,0.611111111111111,-0.010623214695273164,4,1
armB,Ast,1_207577223_T_C,ld_sign,0.6004878964158379,0.611111111111111,-0.010623214695273164,4,1
armB,Ast,1_207577223_T_C,single_lead,1.0508538187277163,0.9930555555555555,0.05779826317216086,4,1
armB,Ast,20_56420643_C_T,fitted_top1,0.5254269093638582,0.5201726402702196,0.005254269093638575,4,0
armB,Ast,20_56420643_C_T,empirical_mode,0.6004878964158379,0.5944830174516795,0.0060048789641583555,4,0
armB,Ast,20_56420643_C_T,ld_sign,0.6004878964158379,0.5944830174516795,0.0060048789641583555,4,0
armB,Ast,20_56420643_C_T,single_lead,1.0508538187277163,1.0403452805404392,0.01050853818727715,4,0
armB,Ast,21_25970679_C_T,fitted_top1,0.5254269093638582,0.5188590729968099,0.006567836367048274,5,0
armB,Ast,21_25970679_C_T,empirical_mode,0.6004878964158379,0.5929817977106399,0.007506098705198028,5,0
armB,Ast,21_25970679_C_T,ld_sign,0.6004878964158379,0.5929817977106399,0.007506098705198028,5,0
armB,Ast,21_25970679_C_T,single_lead,1.0508538187277163,1.0377181459936198,0.013135672734096548,5,0
armB,Ast,21_26148613_G_T,fitted_top1,0.5254269093638582,0.5201726402702196,0.005254269093638575,4,0
armB,Ast,21_26148613_G_T,empirical_mode,0.6004878964158379,0.5944830174516795,0.0060048789641583555,4,0
armB,Ast,21_26148613_G_T,ld_sign,0.6004878964158379,0.5944830174516795,0.0060048789641583555,4,0
armB,Ast,21_26148613_G_T,single_lead,1.0508538187277163,1.0403452805404392,0.01050853818727715,4,0
armB,Ast,2_127133851_A_C,fitted_top1,0.5254269093638582,0.5347222222222222,-0.009295312858364047,4,1
armB,Ast,2_127133851_A_C,empirical_mode,0.6004878964158379,0.611111111111111,-0.010623214695273164,4,1
armB,Ast,2_127133851_A_C,ld_sign,0.6004878964158379,0.611111111111111,-0.010623214695273164,4,1
armB,Ast,2_127133851_A_C,single_lead,1.0508538187277163,1.0694444444444444,-0.018590625716728093,4,1
armB,Ast,2_233173931_A_C,fitted_top1,0.5254269093638582,0.5614285714285714,-0.036001662064713225,7,3
armB,Ast,2_233173931_A_C,empirical_mode,0.6004878964158379,0.6416326530612244,-0.04114475664538653,7,3
armB,Ast,2_233173931_A_C,ld_sign,0.6004878964158379,0.6416326530612244,-0.04114475664538653,7,3
armB,Ast,2_233173931_A_C,single_lead,1.0508538187277163,1.0426530612244898,0.008200757503226574,7,3
armB,Ast,5_157099320_A_G,fitted_top1,0.5254269093638582,0.5214862075436292,0.003940701820228987,3,0
armB,Ast,5_157099320_A_G,empirical_mode,0.6004878964158379,0.595984237192719,0.004503659223118905,3,0
armB,Ast,5_157099320_A_G,ld_sign,0.6004878964158379,0.595984237192719,0.004503659223118905,3,0
armB,Ast,5_157099320_A_G,single_lead,1.0508538187277163,1.0429724150872584,0.007881403640457973,3,0
armB,Ast,6_32616036_G_A,fitted_top1,0.5254269093638582,0.507036967536123,0.018389941827735123,14,0
armB,Ast,6_32616036_G_A,empirical_mode,0.6004878964158379,0.5794708200412835,0.02101707637455441,14,0
armB,Ast,6_32616036_G_A,ld_sign,0.6004878964158379,0.5794708200412835,0.02101707637455441,14,0
armB,Ast,6_32616036_G_A,single_lead,1.0508538187277163,1.014073935072246,0.03677988365547025,14,0
armB,Ast,6_47584444_A_T,fitted_top1,0.5254269093638582,0.5227997748170389,0.0026271345468192875,2,0
armB,Ast,6_47584444_A_T,empirical_mode,0.6004878964158379,0.5974854569337587,0.0030024394820792333,2,0
armB,Ast,6_47584444_A_T,ld_sign,0.6004878964158379,0.5974854569337587,0.0030024394820792333,2,0
armB,Ast,6_47584444_A_T,single_lead,1.0508538187277163,1.0455995496340778,0.005254269093638575,2,0
armB,Ast,7_100334426_C_T,fitted_top1,0.5254269093638582,0.5419921875,-0.016565278136141837,30,9
armB,Ast,7_100334426_C_T,empirical_mode,0.6004878964158379,0.5419921875,0.058495708915837885,30,9
armB,Ast,7_100334426_C_T,ld_sign,0.6004878964158379,0.5419921875,0.058495708915837885,30,9
armB,Ast,7_100334426_C_T,single_lead,1.0508538187277163,1.17431640625,-0.12346258752228367,30,9
armB,Ast,7_12229132_A_C,fitted_top1,0.5254269093638582,0.5227997748170389,0.0026271345468192875,2,0
armB,Ast,7_12229132_A_C,empirical_mode,0.6004878964158379,0.5974854569337587,0.0030024394820792333,2,0
armB,Ast,7_12229132_A_C,ld_sign,0.6004878964158379,0.5974854569337587,0.0030024394820792333,2,0
armB,Ast,7_12229132_A_C,single_lead,1.0508538187277163,1.0455995496340778,0.005254269093638575,2,0
armB,Ast,7_143407238_G_C,fitted_top1,0.5254269093638582,0.5188590729968099,0.006567836367048274,5,0
armB,Ast,7_143407238_G_C,empirical_mode,0.6004878964158379,0.5929817977106399,0.007506098705198028,5,0
armB,Ast,7_143407238_G_C,ld_sign,0.6004878964158379,0.5929817977106399,0.007506098705198028,5,0
armB,Ast,7_143407238_G_C,single_lead,1.0508538187277163,1.0377181459936198,0.013135672734096548,5,0
armB,Ast,8_144053248_G_A,fitted_top1,0.5254269093638582,0.4043216752060592,0.12110523415779895,37,6
armB,Ast,8_144053248_G_A,empirical_mode,0.6004878964158379,0.48518601024727104,0.11530188616856685,37,6
armB,Ast,8_144053248_G_A,ld_sign,0.6004878964158379,0.48518601024727104,0.11530188616856685,37,6
armB,Ast,8_144053248_G_A,single_lead,1.0508538187277163,0.9703720204945421,0.08048179823317425,37,6
armB,Ast,8_27608798_T_C,fitted_top1,0.5254269093638582,0.48122448979591836,0.0442024195679398,7,3
armB,Ast,8_27608798_T_C,empirical_mode,0.6004878964158379,0.5614285714285714,0.0390593249872665,7,3
armB,Ast,8_27608798_T_C,ld_sign,0.6004878964158379,0.5614285714285714,0.0390593249872665,7,3
armB,Ast,8_27608798_T_C,single_lead,1.0508538187277163,0.9624489795918367,0.0884048391358796,7,3
armB,Exc,10_11676714_A_G,fitted_top1,0.8870392390011891,0.8785609247289764,0.008478314272212684,6,3
armB,Exc,10_11676714_A_G,empirical_mode,0.8870392390011891,0.8785609247289764,0.008478314272212684,6,3
armB,Exc,10_11676714_A_G,ld_sign,0.8870392390011891,0.8785609247289764,0.008478314272212684,6,3
armB,Exc,10_11676714_A_G,single_lead,0.9979191438763377,0.9915187579084163,0.006400385967921474,6,3
armB,Exc,10_59978394_G_T,fitted_top1,0.8870392390011891,0.8801162751846036,0.006922963816585526,2,1
armB,Exc,10_59978394_G_T,empirical_mode,0.8870392390011891,0.8801162751846036,0.006922963816585526,2,1
armB,Exc,10_59978394_G_T,ld_sign,0.8870392390011891,0.8801162751846036,0.006922963816585526,2,1
armB,Exc,10_59978394_G_T,single_lead,0.9979191438763377,1.0040763139429985,-0.006157170066660722,2,1
armB,Exc,11_121564878_T_C,fitted_top1,0.8870392390011891,0.8901065855858866,-0.003067346584697539,3,1
armB,Exc,11_121564878_T_C,empirical_mode,0.8870392390011891,0.8901065855858866,-0.003067346584697539,3,1
armB,Exc,11_121564878_T_C,ld_sign,0.8870392390011891,0.8901065855858866,-0.003067346584697539,3,1
armB,Exc,11_121564878_T_C,single_lead,0.9979191438763377,0.9890073173176518,0.008911826558685942,3,1
armB,Exc,11_47358789_G_T,fitted_top1,0.8870392390011891,0.8893143961927424,-0.0022751571915533564,16,10
armB,Exc,11_47358789_G_T,empirical_mode,0.8870392390011891,0.9158610945865556,-0.02882185558536654,16,10
armB,Exc,11_47358789_G_T,ld_sign,0.8870392390011891,0.9158610945865556,-0.02882185558536654,16,10
armB,Exc,11_47358789_G_T,single_lead,0.9979191438763377,0.9689544913741821,0.02896465250215563,16,10
armB,Exc,11_60254475_G_A,fitted_top1,0.8870392390011891,0.8945369269388294,-0.007497687937640274,2,0
armB,Exc,11_60254475_G_A,empirical_mode,0.8870392390011891,0.882282996432818,0.0047562425683710385,2,0
armB,Exc,11_60254475_G_A,ld_sign,0.8870392390011891,0.882282996432818,0.0047562425683710385,2,0
armB,Exc,11_60254475_G_A,single_lead,0.9979191438763377,0.9925683709869203,0.005350772889417432,2,0
armB,Exc,11_86089237_G_A,fitted_top1,0.8870392390011891,0.8688350340136055,0.018204204987583572,7,6
armB,Exc,11_86089237_G_A,empirical_mode,0.8870392390011891,0.8818027210884354,0.005236517912753702,7,6
armB,Exc,11_86089237_G_A,ld_sign,0.8870392390011891,0.8818027210884354,0.005236517912753702,7,6
armB,Exc,11_86089237_G_A,single_lead,0.9979191438763377,0.9985119047619047,-0.0005927608855669231,7,6
armB,Exc,14_52832135_A_G,fitted_top1,0.8870392390011891,0.8987380732533087,-0.011698834252119594,8,3
armB,Exc,14_52832135_A_G,empirical_mode,0.8870392390011891,0.8862556000136793,0.0007836389875097716,8,3
armB,Exc,14_52832135_A_G,ld_sign,0.8870392390011891,0.8862556000136793,0.0007836389875097716,8,3
armB,Exc,14_52832135_A_G,single_lead,0.9979191438763377,0.9861153859307137,0.01180375794562405,8,3
armB,Exc,14_92472511_G_A,fitted_top1,0.8870392390011891,0.8614148947613756,0.025624344239813523,9,7
armB,Exc,14_92472511_G_A,empirical_mode,0.8870392390011891,0.8744666355910933,0.012572603410095806,9,7
armB,Exc,14_92472511_G_A,ld_sign,0.8870392390011891,0.8744666355910933,0.012572603410095806,9,7
armB,Exc,14_92472511_G_A,single_lead,0.9979191438763377,0.9919323030585535,0.0059868408177842225,9,7
armB,Exc,15_58764824_T_A,fitted_top1,0.8870392390011891,0.8831800973499189,0.003859141651270215,5,2
armB,Exc,15_58764824_T_A,empirical_mode,0.8870392390011891,0.8831800973499189,0.003859141651270215,5,2
armB,Exc,15_58764824_T_A,ld_sign,0.8870392390011891,0.8831800973499189,0.003859141651270215,5,2
armB,Exc,15_58764824_T_A,single_lead,0.9979191438763377,0.9951325040562465,0.002786639820091197,5,2
armB,Exc,15_63277703_C_T,fitted_top1,0.8870392390011891,0.8661479436336907,0.02089129536749834,7,7
armB,Exc,15_63277703_C_T,empirical_mode,0.8870392390011891,0.8923948510165298,-0.005355612015340738,7,7
armB,Exc,15_63277703_C_T,ld_sign,0.8870392390011891,0.8923948510165298,-0.005355612015340738,7,7
armB,Exc,15_63277703_C_T,single_lead,0.9979191438763377,0.9842590268564667,0.013660117019871021,7,7
armB,Exc,17_44364976_T_C,fitted_top1,0.8870392390011891,0.8885223564846355,-0.0014831174834464278,19,7
armB,Exc,17_44364976_T_C,empirical_mode,0.8870392390011891,0.8758291799634265,0.01121005903776262,19,7
armB,Exc,17_44364976_T_C,ld_sign,0.8870392390011891,0.8758291799634265,0.01121005903776262,19,7
armB,Exc,17_44364976_T_C,single_lead,0.9979191438763377,0.9900677686543082,0.0078513752220295,19,7
armB,Exc,17_46062125_A_C,fitted_top1,0.8870392390011891,0.8850341123530266,0.0020051266481624364,9,8
armB,Exc,17_46062125_A_C,empirical_mode,0.8870392390011891,0.8850341123530266,0.0020051266481624364,9,8
armB,Exc,17_46062125_A_C,ld_sign,0.8870392390011891,0.8850341123530266,0.0020051266481624364,9,8
armB,Exc,17_46062125_A_C,single_lead,0.9979191438763377,0.9775003628973726,0.0204187809789651,9,8
armB,Exc,17_49373413_G_A,fitted_top1,0.8870392390011891,0.9186416333230737,-0.03160239432188461,10,3
armB,Exc,17_49373413_G_A,empirical_mode,0.8870392390011891,0.9062275571970863,-0.01918831819589717,10,3
armB,Exc,17_49373413_G_A,ld_sign,0.8870392390011891,0.9062275571970863,-0.01918831819589717,10,3
armB,Exc,17_49373413_G_A,single_lead,0.9979191438763377,0.9682979378270237,0.029621206049314064,10,3
armB,Exc,17_5066645_C_T,fitted_top1,0.8870392390011891,0.8637715645449139,0.0232676744562752,21,10
armB,Exc,17_5066645_C_T,empirical_mode,0.8870392390011891,0.8768590124925639,0.010180226508625156,21,10
armB,Exc,17_5066645_C_T,ld_sign,0.8870392390011891,0.8768590124925639,0.010180226508625156,21,10
armB,Exc,17_5066645_C_T,single_lead,0.9979191438763377,0.9684711481261155,0.029447995750222278,21,10
armB,Exc,17_58331728_G_C,fitted_top1,0.8870392390011891,0.8721333286649626,0.014905910336226458,12,5
armB,Exc,17_58331728_G_C,empirical_mode,0.8870392390011891,0.8847729421238751,0.0022662968773139447,12,5
armB,Exc,17_58331728_G_C,ld_sign,0.8870392390011891,0.8847729421238751,0.0022662968773139447,12,5
armB,Exc,17_58331728_G_C,single_lead,0.9979191438763377,0.9858898497951752,0.01202929408116249,12,5
armB,Exc,17_63468418_C_T,fitted_top1,0.8870392390011891,0.8571166207529843,0.029922618248204746,14,9
armB,Exc,17_63468418_C_T,empirical_mode,0.8870392390011891,0.8439302112029384,0.043109027798250654,14,9
armB,Exc,17_63468418_C_T,ld_sign,0.8870392390011891,0.8439302112029384,0.043109027798250654,14,9
armB,Exc,17_63468418_C_T,single_lead,0.9979191438763377,0.9889807162534435,0.008938427622894207,14,9
armB,Exc,19_1050875_A_G,fitted_top1,0.8870392390011891,0.8741742810806535,0.012864957920535547,33,15
armB,Exc,19_1050875_A_G,empirical_mode,0.8870392390011891,0.8741742810806535,0.012864957920535547,33,15
armB,Exc,19_1050875_A_G,ld_sign,0.8870392390011891,0.8741742810806535,0.012864957920535547,33,15
armB,Exc,19_1050875_A_G,single_lead,0.9979191438763377,0.9279696214548475,0.06994952242149022,33,15
armB,Exc,19_44908684_T_C,fitted_top1,0.8870392390011891,0.9201358495850985,-0.03309661058390945,13,5
armB,Exc,19_44908684_T_C,empirical_mode,0.8870392390011891,0.9075312489058507,-0.0204920099046616,13,5
armB,Exc,19_44908684_T_C,ld_sign,0.8870392390011891,0.9075312489058507,-0.0204920099046616,13,5
armB,Exc,19_44908684_T_C,single_lead,0.9979191438763377,1.020972655019082,-0.023053511142744343,13,5
armB,Exc,19_44946027_T_G,fitted_top1,0.8870392390011891,0.9075312489058507,-0.0204920099046616,13,5
armB,Exc,19_44946027_T_G,empirical_mode,0.8870392390011891,0.9075312489058507,-0.0204920099046616,13,5
armB,Exc,19_44946027_T_G,ld_sign,0.8870392390011891,0.9075312489058507,-0.0204920099046616,13,5
armB,Exc,19_44946027_T_G,single_lead,0.9979191438763377,0.9831588529813382,0.014760290894999528,13,5
armB,Exc,19_48710247_G_A,fitted_top1,0.8870392390011891,0.9439205421492344,-0.05688130314804529,22,7
armB,Exc,19_48710247_G_A,empirical_mode,0.8870392390011891,0.9439205421492344,-0.05688130314804529,22,7
armB,Exc,19_48710247_G_A,ld_sign,0.8870392390011891,0.9439205421492344,-0.05688130314804529,22,7
armB,Exc,19_48710247_G_A,single_lead,0.9979191438763377,0.9816773638352039,0.016241780041133858,22,7
armB,Exc,19_51234736_T_G,fitted_top1,0.8870392390011891,0.8809548237064395,0.006084415294749568,5,3
armB,Exc,19_51234736_T_G,empirical_mode,0.8870392390011891,0.8809548237064395,0.006084415294749568,5,3
armB,Exc,19_51234736_T_G,ld_sign,0.8870392390011891,0.8809548237064395,0.006084415294749568,5,3
armB,Exc,19_51234736_T_G,single_lead,0.9979191438763377,1.0068055128073594,-0.008886368931021682,5,3
armB,Exc,19_54313903_C_A,fitted_top1,0.8870392390011891,0.8819723183391004,0.005066920662088692,14,4
armB,Exc,19_54313903_C_A,empirical_mode,0.8870392390011891,0.8819723183391004,0.005066920662088692,14,4
armB,Exc,19_54313903_C_A,ld_sign,0.8870392390011891,0.8819723183391004,0.005066920662088692,14,4
armB,Exc,19_54313903_C_A,single_lead,0.9979191438763377,0.9937716262975779,0.004147517578759863,14,4
armB,Exc,1_207577223_T_C,fitted_top1,0.8870392390011891,0.8833487226839026,0.003690516317286452,4,3
armB,Exc,1_207577223_T_C,empirical_mode,0.8870392390011891,0.8959679901508155,-0.008928751149626435,4,3
armB,Exc,1_207577223_T_C,ld_sign,0.8870392390011891,0.8959679901508155,-0.008928751149626435,4,3
armB,Exc,1_207577223_T_C,single_lead,0.9979191438763377,0.9843028624192058,0.013616281457131896,4,3
armB,Exc,20_56420643_C_T,fitted_top1,0.8870392390011891,0.8855800432666306,0.0014591957345584383,4,2
armB,Exc,20_56420643_C_T,empirical_mode,0.8870392390011891,0.8855800432666306,0.0014591957345584383,4,2
armB,Exc,20_56420643_C_T,ld_sign,0.8870392390011891,0.8855800432666306,0.0014591957345584383,4,2
armB,Exc,20_56420643_C_T,single_lead,0.9979191438763377,0.9853637101135749,0.012555433762762802,4,2
armB,Exc,21_25970679_C_T,fitted_top1,0.8870392390011891,0.895619253650622,-0.008580014649432921,5,2
armB,Exc,21_25970679_C_T,empirical_mode,0.8870392390011891,0.895619253650622,-0.008580014649432921,5,2
armB,Exc,21_25970679_C_T,ld_sign,0.8870392390011891,0.895619253650622,-0.008580014649432921,5,2
armB,Exc,21_25970679_C_T,single_lead,0.9979191438763377,0.9951325040562465,0.002786639820091197,5,2
armB,Exc,21_26148613_G_T,fitted_top1,0.8870392390011891,0.895619253650622,-0.008580014649432921,5,2
armB,Exc,21_26148613_G_T,empirical_mode,0.8870392390011891,0.895619253650622,-0.008580014649432921,5,2
armB,Exc,21_26148613_G_T,ld_sign,0.8870392390011891,0.895619253650622,-0.008580014649432921,5,2
armB,Exc,21_26148613_G_T,single_lead,0.9979191438763377,1.0075716603569496,-0.009652516480611828,5,2
armB,Exc,2_127133851_A_C,fitted_top1,0.8870392390011891,0.8855800432666306,0.0014591957345584383,4,2
armB,Exc,2_127133851_A_C,empirical_mode,0.8870392390011891,0.8855800432666306,0.0014591957345584383,4,2
armB,Exc,2_127133851_A_C,ld_sign,0.8870392390011891,0.8855800432666306,0.0014591957345584383,4,2
armB,Exc,2_127133851_A_C,single_lead,0.9979191438763377,0.9853637101135749,0.012555433762762802,4,2
armB,Exc,2_233173931_A_C,fitted_top1,0.8870392390011891,0.8866286194460977,0.0004106195550913627,6,5
armB,Exc,2_233173931_A_C,empirical_mode,0.8870392390011891,0.8994783095829978,-0.012439070581808709,6,5
armB,Exc,2_233173931_A_C,ld_sign,0.8870392390011891,0.8994783095829978,-0.012439070581808709,6,5
armB,Exc,2_233173931_A_C,single_lead,0.9979191438763377,0.9894261405412975,0.008493003335040217,6,5
armB,Exc,4_11013198_A_G,fitted_top1,0.8870392390011891,0.8846611177170036,0.0023781212841854638,1,0
armB,Exc,4_11013198_A_G,empirical_mode,0.8870392390011891,0.8846611177170036,0.0023781212841854638,1,0
armB,Exc,4_11013198_A_G,ld_sign,0.8870392390011891,0.8846611177170036,0.0023781212841854638,1,0
armB,Exc,4_11013198_A_G,single_lead,0.9979191438763377,0.9952437574316291,0.0026753864447086606,1,0
armB,Exc,5_157099320_A_G,fitted_top1,0.8870392390011891,0.8809548237064395,0.006084415294749568,5,3
armB,Exc,5_157099320_A_G,empirical_mode,0.8870392390011891,0.8683697547963475,0.018669484204841602,5,3
armB,Exc,5_157099320_A_G,ld_sign,0.8870392390011891,0.8683697547963475,0.018669484204841602,5,3
armB,Exc,5_157099320_A_G,single_lead,0.9979191438763377,0.9816353749871755,0.016283768889162276,5,3
armB,Exc,6_32616036_G_A,fitted_top1,0.8870392390011891,0.9112168053904083,-0.024177566389219196,10,0
armB,Exc,6_32616036_G_A,empirical_mode,0.8870392390011891,0.9112168053904083,-0.024177566389219196,10,0
armB,Exc,6_32616036_G_A,ld_sign,0.8870392390011891,0.9112168053904083,-0.024177566389219196,10,0
armB,Exc,6_32616036_G_A,single_lead,0.9979191438763377,0.9831549742370194,0.01476416963931837,10,0
armB,Exc,6_47584444_A_T,fitted_top1,0.8870392390011891,0.8801162751846036,0.006922963816585526,2,1
armB,Exc,6_47584444_A_T,empirical_mode,0.8870392390011891,0.8801162751846036,0.006922963816585526,2,1
armB,Exc,6_47584444_A_T,ld_sign,0.8870392390011891,0.8801162751846036,0.006922963816585526,2,1
armB,Exc,6_47584444_A_T,single_lead,0.9979191438763377,1.0040763139429985,-0.006157170066660722,2,1
armB,Exc,7_100334426_C_T,fitted_top1,0.8870392390011891,0.886875,0.00016423900118911483,29,14
armB,Exc,7_100334426_C_T,empirical_mode,0.8870392390011891,0.886875,0.00016423900118911483,29,14
armB,Exc,7_100334426_C_T,ld_sign,0.8870392390011891,0.886875,0.00016423900118911483,29,14
armB,Exc,7_100334426_C_T,single_lead,0.9979191438763377,0.9675,0.030419143876337706,29,14
armB,Exc,7_12229132_A_C,fitted_top1,0.8870392390011891,0.8901065855858866,-0.003067346584697539,3,1
armB,Exc,7_12229132_A_C,empirical_mode,0.8870392390011891,0.8901065855858866,-0.003067346584697539,3,1
armB,Exc,7_12229132_A_C,ld_sign,0.8870392390011891,0.8901065855858866,-0.003067346584697539,3,1
armB,Exc,7_12229132_A_C,single_lead,0.9979191438763377,1.0013699087841224,-0.0034507649077846203,3,1
armB,Exc,7_143407238_G_C,fitted_top1,0.8870392390011891,0.9116131589377725,-0.02457391993658342,5,0
armB,Exc,7_143407238_G_C,empirical_mode,0.8870392390011891,0.9116131589377725,-0.02457391993658342,5,0
armB,Exc,7_143407238_G_C,ld_sign,0.8870392390011891,0.9116131589377725,-0.02457391993658342,5,0
armB,Exc,7_143407238_G_C,single_lead,0.9979191438763377,0.9966970537719646,0.0012220901043731303,5,0
armB,Exc,8_144053248_G_A,fitted_top1,0.8870392390011891,0.8850124599501602,0.002026779051028882,34,15
armB,Exc,8_144053248_G_A,empirical_mode,0.8870392390011891,0.8984217396463747,-0.011382500645185645,34,15
armB,Exc,8_144053248_G_A,ld_sign,0.8870392390011891,0.8984217396463747,-0.011382500645185645,34,15
armB,Exc,8_144053248_G_A,single_lead,0.9979191438763377,0.978877417823662,0.019041726052675734,34,15
armB,Exc,8_27608798_T_C,fitted_top1,0.8870392390011891,0.8911117950822475,-0.004072556081058387,6,3
armB,Exc,8_27608798_T_C,empirical_mode,0.8870392390011891,0.8785609247289764,0.008478314272212684,6,3
armB,Exc,8_27608798_T_C,ld_sign,0.8870392390011891,0.8785609247289764,0.008478314272212684,6,3
armB,Exc,8_27608798_T_C,single_lead,0.9979191438763377,0.9915187579084163,0.006400385967921474,6,3
armB,Mic,10_11676714_A_G,fitted_top1,2.074380165289256,2.1200648999459166,-0.04568473465666045,6,1
armB,Mic,10_11676714_A_G,empirical_mode,2.2040289256198347,2.2525689561925364,-0.04854003057270173,6,1
armB,Mic,10_11676714_A_G,ld_sign,2.2040289256198347,2.2525689561925364,-0.04854003057270173,6,1
armB,Mic,10_11676714_A_G,single_lead,1.4261363636363635,1.4575446187128178,-0.03140825507645428,6,1
armB,Mic,10_59978394_G_T,fitted_top1,2.074380165289256,2.1173469387755106,-0.04296677348625444,2,2
armB,Mic,10_59978394_G_T,empirical_mode,2.2040289256198347,2.258503401360544,-0.054474475740709405,2,2
armB,Mic,10_59978394_G_T,ld_sign,2.2040289256198347,2.258503401360544,-0.054474475740709405,2,2
armB,Mic,10_59978394_G_T,single_lead,1.4261363636363635,1.5527210884353744,-0.12658472479901084,2,2
armB,Mic,11_121564878_T_C,fitted_top1,2.074380165289256,2.18646694214876,-0.11208677685950397,2,0
armB,Mic,11_121564878_T_C,empirical_mode,2.2040289256198347,2.18646694214876,0.017561983471074516,2,0
armB,Mic,11_121564878_T_C,ld_sign,2.2040289256198347,2.18646694214876,0.017561983471074516,2,0
armB,Mic,11_121564878_T_C,single_lead,1.4261363636363635,1.4147727272727273,0.011363636363636243,2,0
armB,Mic,11_47358789_G_T,fitted_top1,2.074380165289256,2.1974040021633314,-0.12302383687407525,12,1
armB,Mic,11_47358789_G_T,empirical_mode,2.2040289256198347,2.1974040021633314,0.006624923456503229,12,1
armB,Mic,11_47358789_G_T,ld_sign,2.2040289256198347,2.1974040021633314,0.006624923456503229,12,1
armB,Mic,11_47358789_G_T,single_lead,1.4261363636363635,1.4218496484586263,0.004286715177737266,12,1
armB,Mic,11_60254475_G_A,fitted_top1,2.074380165289256,1.9906250000000003,0.08375516528925586,6,4
armB,Mic,11_60254475_G_A,empirical_mode,2.2040289256198347,2.14375,0.06027892561983483,6,4
armB,Mic,11_60254475_G_A,ld_sign,2.2040289256198347,2.14375,0.06027892561983483,6,4
armB,Mic,11_60254475_G_A,single_lead,1.4261363636363635,1.378125,0.04801136363636349,6,4
armB,Mic,11_86089237_G_A,fitted_top1,2.074380165289256,2.1200648999459166,-0.04568473465666045,6,1
armB,Mic,11_86089237_G_A,empirical_mode,2.2040289256198347,2.1200648999459166,0.08396402567391803,6,1
armB,Mic,11_86089237_G_A,ld_sign,2.2040289256198347,2.1200648999459166,0.08396402567391803,6,1
armB,Mic,11_86089237_G_A,single_lead,1.4261363636363635,1.4575446187128178,-0.03140825507645428,6,1
armB,Mic,14_52832135_A_G,fitted_top1,2.074380165289256,2.2778925619834713,-0.20351239669421517,6,0
armB,Mic,14_52832135_A_G,empirical_mode,2.2040289256198347,2.1513429752066116,0.052685950413223104,6,0
armB,Mic,14_52832135_A_G,ld_sign,2.2040289256198347,2.1513429752066116,0.052685950413223104,6,0
armB,Mic,14_52832135_A_G,single_lead,1.4261363636363635,1.3920454545454546,0.03409090909090895,6,0
armB,Mic,14_92472511_G_A,fitted_top1,2.074380165289256,2.204081632653061,-0.12970146736380483,8,2
armB,Mic,14_92472511_G_A,empirical_mode,2.2040289256198347,2.3418367346938775,-0.1378078090740429,8,2
armB,Mic,14_92472511_G_A,ld_sign,2.2040289256198347,2.3418367346938775,-0.1378078090740429,8,2
armB,Mic,14_92472511_G_A,single_lead,1.4261363636363635,1.3775510204081634,0.048585343228200184,8,2
armB,Mic,15_58764824_T_A,fitted_top1,2.074380165289256,2.0918367346938775,-0.01745656940462137,5,2
armB,Mic,15_58764824_T_A,empirical_mode,2.2040289256198347,2.2312925170068025,-0.027263591386967878,5,2
armB,Mic,15_58764824_T_A,ld_sign,2.2040289256198347,2.2312925170068025,-0.027263591386967878,5,2
armB,Mic,15_58764824_T_A,single_lead,1.4261363636363635,1.534013605442177,-0.10787724180581337,5,2
armB,Mic,15_63277703_C_T,fitted_top1,2.074380165289256,2.2131519274376417,-0.1387717621483855,7,2
armB,Mic,15_63277703_C_T,empirical_mode,2.2040289256198347,2.3514739229024944,-0.1474449972826597,7,2
armB,Mic,15_63277703_C_T,ld_sign,2.2040289256198347,2.3514739229024944,-0.1474449972826597,7,2
armB,Mic,15_63277703_C_T,single_lead,1.4261363636363635,1.521541950113379,-0.09540558647701536,7,2
armB,Mic,17_44364976_T_C,fitted_top1,2.074380165289256,1.991735537190083,0.08264462809917328,10,0
armB,Mic,17_44364976_T_C,empirical_mode,2.2040289256198347,2.116219008264463,0.08780991735537169,10,0
armB,Mic,17_44364976_T_C,ld_sign,2.2040289256198347,2.116219008264463,0.08780991735537169,10,0
armB,Mic,17_44364976_T_C,single_lead,1.4261363636363635,1.3693181818181819,0.05681818181818166,10,0
armB,Mic,17_46062125_A_C,fitted_top1,2.074380165289256,2.4600000000000004,-0.38561983471074424,5,4
armB,Mic,17_46062125_A_C,empirical_mode,2.2040289256198347,2.4600000000000004,-0.25597107438016575,5,4
armB,Mic,17_46062125_A_C,ld_sign,2.2040289256198347,2.4600000000000004,-0.25597107438016575,5,4
armB,Mic,17_46062125_A_C,single_lead,1.4261363636363635,1.5375,-0.11136363636363655,5,4
armB,Mic,17_49373413_G_A,fitted_top1,2.074380165289256,2.0165289256198347,0.05785123966942152,7,0
armB,Mic,17_49373413_G_A,empirical_mode,2.2040289256198347,2.142561983471074,0.061466942148760584,7,0
armB,Mic,17_49373413_G_A,ld_sign,2.2040289256198347,2.142561983471074,0.061466942148760584,7,0
armB,Mic,17_49373413_G_A,single_lead,1.4261363636363635,1.3863636363636362,0.03977272727272729,7,0
armB,Mic,17_5066645_C_T,fitted_top1,2.074380165289256,2.2558001189767998,-0.1814199536875436,14,3
armB,Mic,17_5066645_C_T,empirical_mode,2.2040289256198347,2.3967876264128494,-0.19275870079301471,14,3
armB,Mic,17_5066645_C_T,ld_sign,2.2040289256198347,2.3967876264128494,-0.19275870079301471,14,3
armB,Mic,17_5066645_C_T,single_lead,1.4261363636363635,1.5508625817965498,-0.12472621816018625,14,3
armB,Mic,17_58331728_G_C,fitted_top1,2.074380165289256,2.008264462809917,0.06611570247933907,8,0
armB,Mic,17_58331728_G_C,empirical_mode,2.2040289256198347,2.133780991735537,0.07024793388429762,8,0
armB,Mic,17_58331728_G_C,ld_sign,2.2040289256198347,2.133780991735537,0.07024793388429762,8,0
armB,Mic,17_58331728_G_C,single_lead,1.4261363636363635,1.3806818181818181,0.045454545454545414,8,0
armB,Mic,17_63468418_C_T,fitted_top1,2.074380165289256,2.0941049215792322,-0.019724756289976053,9,1
armB,Mic,17_63468418_C_T,empirical_mode,2.2040289256198347,2.224986479177934,-0.020957553558099473,9,1
armB,Mic,17_63468418_C_T,ld_sign,2.2040289256198347,2.224986479177934,-0.020957553558099473,9,1
armB,Mic,17_63468418_C_T,single_lead,1.4261363636363635,1.439697133585722,-0.013560769949358509,9,1
armB,Mic,19_1050875_A_G,fitted_top1,2.074380165289256,2.045971074380165,0.028409090909091272,18,0
armB,Mic,19_1050875_A_G,empirical_mode,2.2040289256198347,2.045971074380165,0.15805785123966976,18,0
armB,Mic,19_1050875_A_G,ld_sign,2.2040289256198347,2.045971074380165,0.15805785123966976,18,0
armB,Mic,19_1050875_A_G,single_lead,1.4261363636363635,1.3238636363636362,0.10227272727272729,18,0
armB,Mic,19_44908684_T_C,fitted_top1,2.074380165289256,2.066326530612245,0.008053634677011257,8,2
armB,Mic,19_44908684_T_C,empirical_mode,2.2040289256198347,2.066326530612245,0.13770239500758974,8,2
armB,Mic,19_44908684_T_C,ld_sign,2.2040289256198347,2.066326530612245,0.13770239500758974,8,2
armB,Mic,19_44908684_T_C,single_lead,1.4261363636363635,1.239795918367347,0.1863404452690165,8,2
armB,Mic,19_44946027_T_G,fitted_top1,2.074380165289256,2.204081632653061,-0.12970146736380483,8,2
armB,Mic,19_44946027_T_G,empirical_mode,2.2040289256198347,2.066326530612245,0.13770239500758974,8,2
armB,Mic,19_44946027_T_G,ld_sign,2.2040289256198347,2.066326530612245,0.13770239500758974,8,2
armB,Mic,19_44946027_T_G,single_lead,1.4261363636363635,1.239795918367347,0.1863404452690165,8,2
armB,Mic,19_48710247_G_A,fitted_top1,2.074380165289256,2.116219008264463,-0.04183884297520679,10,0
armB,Mic,19_48710247_G_A,empirical_mode,2.2040289256198347,2.116219008264463,0.08780991735537169,10,0
armB,Mic,19_48710247_G_A,ld_sign,2.2040289256198347,2.116219008264463,0.08780991735537169,10,0
armB,Mic,19_48710247_G_A,single_lead,1.4261363636363635,1.3693181818181819,0.05681818181818166,10,0
armB,Mic,19_51234736_T_G,fitted_top1,2.074380165289256,2.0833333333333335,-0.008953168044077309,6,2
armB,Mic,19_51234736_T_G,empirical_mode,2.2040289256198347,2.222222222222222,-0.01819329660238722,6,2
armB,Mic,19_51234736_T_G,ld_sign,2.2040289256198347,2.222222222222222,-0.01819329660238722,6,2
armB,Mic,19_51234736_T_G,single_lead,1.4261363636363635,1.3888888888888888,0.037247474747474696,6,2
armB,Mic,19_54313903_C_A,fitted_top1,2.074380165289256,2.1859410430839,-0.11156087779464396,10,2
armB,Mic,19_54313903_C_A,empirical_mode,2.2040289256198347,2.322562358276644,-0.11853343265680927,10,2
armB,Mic,19_54313903_C_A,ld_sign,2.2040289256198347,2.322562358276644,-0.11853343265680927,10,2
armB,Mic,19_54313903_C_A,single_lead,1.4261363636363635,1.3662131519274376,0.059923211708925894,10,2
armB,Mic,1_207577223_T_C,fitted_top1,2.074380165289256,2.041322314049587,0.03305785123966931,4,0
armB,Mic,1_207577223_T_C,empirical_mode,2.2040289256198347,2.168904958677686,0.03512396694214859,4,0
armB,Mic,1_207577223_T_C,ld_sign,2.2040289256198347,2.168904958677686,0.03512396694214859,4,0
armB,Mic,1_207577223_T_C,single_lead,1.4261363636363635,1.403409090909091,0.022727272727272485,4,0
armB,Mic,20_56420643_C_T,fitted_top1,2.074380165289256,2.0200108166576527,0.054369348631603476,2,1
armB,Mic,20_56420643_C_T,empirical_mode,2.2040289256198347,2.1546782044348296,0.04935072118500505,2,1
armB,Mic,20_56420643_C_T,ld_sign,2.2040289256198347,2.1546782044348296,0.04935072118500505,2,1
armB,Mic,20_56420643_C_T,single_lead,1.4261363636363635,1.4813412655489453,-0.05520490191258176,2,1
armB,Mic,21_25970679_C_T,fitted_top1,2.074380165289256,2.168904958677686,-0.0945247933884299,4,0
armB,Mic,21_25970679_C_T,empirical_mode,2.2040289256198347,2.168904958677686,0.03512396694214859,4,0
armB,Mic,21_25970679_C_T,ld_sign,2.2040289256198347,2.168904958677686,0.03512396694214859,4,0
armB,Mic,21_25970679_C_T,single_lead,1.4261363636363635,1.403409090909091,0.022727272727272485,4,0
armB,Mic,21_26148613_G_T,fitted_top1,2.074380165289256,2.168904958677686,-0.0945247933884299,4,0
armB,Mic,21_26148613_G_T,empirical_mode,2.2040289256198347,2.168904958677686,0.03512396694214859,4,0
armB,Mic,21_26148613_G_T,ld_sign,2.2040289256198347,2.168904958677686,0.03512396694214859,4,0
armB,Mic,21_26148613_G_T,single_lead,1.4261363636363635,1.403409090909091,0.022727272727272485,4,0
armB,Mic,2_127133851_A_C,fitted_top1,2.074380165289256,1.995673336938886,0.07870682835037024,5,1
armB,Mic,2_127133851_A_C,empirical_mode,2.2040289256198347,2.1287182260681448,0.0753106995516899,5,1
armB,Mic,2_127133851_A_C,ld_sign,2.2040289256198347,2.1287182260681448,0.0753106995516899,5,1
armB,Mic,2_127133851_A_C,single_lead,1.4261363636363635,1.3304488912925905,0.09568747234377306,5,1
armB,Mic,2_233173931_A_C,fitted_top1,2.074380165289256,2.0833333333333335,-0.008953168044077309,6,2
armB,Mic,2_233173931_A_C,empirical_mode,2.2040289256198347,2.222222222222222,-0.01819329660238722,6,2
armB,Mic,2_233173931_A_C,ld_sign,2.2040289256198347,2.222222222222222,-0.01819329660238722,6,2
armB,Mic,2_233173931_A_C,single_lead,1.4261363636363635,1.3888888888888888,0.037247474747474696,6,2
armB,Mic,5_157099320_A_G,fitted_top1,2.074380165289256,2.18646694214876,-0.11208677685950397,2,0
armB,Mic,5_157099320_A_G,empirical_mode,2.2040289256198347,2.18646694214876,0.017561983471074516,2,0
armB,Mic,5_157099320_A_G,ld_sign,2.2040289256198347,2.18646694214876,0.017561983471074516,2,0
armB,Mic,5_157099320_A_G,single_lead,1.4261363636363635,1.4147727272727273,0.011363636363636243,2,0
armB,Mic,6_32616036_G_A,fitted_top1,2.074380165289256,2.3259297520661155,-0.25154958677685935,14,0
armB,Mic,6_32616036_G_A,empirical_mode,2.2040289256198347,2.4483471074380163,-0.24431818181818166,14,0
armB,Mic,6_32616036_G_A,ld_sign,2.2040289256198347,2.4483471074380163,-0.24431818181818166,14,0
armB,Mic,6_32616036_G_A,single_lead,1.4261363636363635,1.346590909090909,0.07954545454545459,14,0
armB,Mic,6_47584444_A_T,fitted_top1,2.074380165289256,2.028123309897242,0.046256855392014185,1,1
armB,Mic,6_47584444_A_T,empirical_mode,2.2040289256198347,2.163331530557058,0.040697395062776476,1,1
armB,Mic,6_47584444_A_T,ld_sign,2.2040289256198347,2.163331530557058,0.040697395062776476,1,1
armB,Mic,6_47584444_A_T,single_lead,1.4261363636363635,1.4872904272579774,-0.06115406362161391,1,1
armB,Mic,7_100334426_C_T,fitted_top1,2.074380165289256,2.149659863945578,-0.07527969865632178,14,2
armB,Mic,7_100334426_C_T,empirical_mode,2.2040289256198347,2.2840136054421767,-0.07998467982234203,14,2
armB,Mic,7_100334426_C_T,ld_sign,2.2040289256198347,2.2840136054421767,-0.07998467982234203,14,2
armB,Mic,7_100334426_C_T,single_lead,1.4261363636363635,1.4778911564625852,-0.05175479282622164,14,2
armB,Mic,7_12229132_A_C,fitted_top1,2.074380165289256,2.1546782044348296,-0.08029803914557343,2,1
armB,Mic,7_12229132_A_C,empirical_mode,2.2040289256198347,2.289345592212006,-0.08531666659217141,2,1
armB,Mic,7_12229132_A_C,ld_sign,2.2040289256198347,2.289345592212006,-0.08531666659217141,2,1
armB,Mic,7_12229132_A_C,single_lead,1.4261363636363635,1.4813412655489453,-0.05520490191258176,2,1
armB,Mic,7_143407238_G_C,fitted_top1,2.074380165289256,2.146024878312601,-0.07164471302334485,3,1
armB,Mic,7_143407238_G_C,empirical_mode,2.2040289256198347,2.146024878312601,0.05800404730723363,3,1
armB,Mic,7_143407238_G_C,ld_sign,2.2040289256198347,2.146024878312601,0.05800404730723363,3,1
armB,Mic,7_143407238_G_C,single_lead,1.4261363636363635,1.4753921038399134,-0.049255740203549836,3,1
armB,Mic,8_144053248_G_A,fitted_top1,2.074380165289256,2.265318262938727,-0.19093809764947078,13,3
armB,Mic,8_144053248_G_A,empirical_mode,2.2040289256198347,2.4069006543723974,-0.20287172875256276,13,3
armB,Mic,8_144053248_G_A,ld_sign,2.2040289256198347,2.4069006543723974,-0.20287172875256276,13,3
armB,Mic,8_144053248_G_A,single_lead,1.4261363636363635,1.5574063057703749,-0.13126994213401133,13,3
armB,Mic,8_27608798_T_C,fitted_top1,2.074380165289256,2.137371552190373,-0.06299138690111672,4,1
armB,Mic,8_27608798_T_C,empirical_mode,2.2040289256198347,2.2709572742022712,-0.06692834858243657,4,1
armB,Mic,8_27608798_T_C,ld_sign,2.2040289256198347,2.2709572742022712,-0.06692834858243657,4,1
armB,Mic,8_27608798_T_C,single_lead,1.4261363636363635,1.4694429421308817,-0.04330657849451813,4,1
