arm,locus,lead_state,n_variants,n_partners,strategy,exactly_fitted_top1,partner_hamming_to_fitted_top1,normalized_partner_hamming_to_fitted_top1,empirical_count_given_lead_state,empirical_probability_given_lead_state,observed_in_panel,fitted_top10_rank,q1_probability,n_alternate,packed_little_endian_hex
armA,10_59978394_G_T,0,17,16,empirical_mode,True,0,0.0,354,0.7884187082405345,True,1,0.7396178215910885,0,000000
armA,10_59978394_G_T,0,17,16,ld_sign,True,0,0.0,354,0.7884187082405345,True,1,0.7396178215910885,0,000000
armA,10_59978394_G_T,1,17,16,empirical_mode,True,0,0.0,557,1.0,True,1,0.8654936380744126,17,ffff01
armA,10_59978394_G_T,1,17,16,ld_sign,True,0,0.0,557,1.0,True,1,0.8654936380744126,17,ffff01
armA,11_60254475_G_A,0,31,30,empirical_mode,True,0,0.0,590,0.9204368174726989,True,1,0.7988603268993315,29,fcffff7f
armA,11_60254475_G_A,0,31,30,ld_sign,True,0,0.0,590,0.9204368174726989,True,1,0.7988603268993315,29,fcffff7f
armA,11_60254475_G_A,1,31,30,empirical_mode,True,0,0.0,359,0.9835616438356164,True,1,0.8280905631612405,2,03000000
armA,11_60254475_G_A,1,31,30,ld_sign,True,0,0.0,359,0.9835616438356164,True,1,0.8280905631612405,2,03000000
armA,11_86089237_G_A,0,32,31,empirical_mode,True,0,0.0,276,0.7863247863247863,True,1,0.6360678659792577,0,00000000
armA,11_86089237_G_A,0,32,31,ld_sign,True,0,0.0,276,0.7863247863247863,True,1,0.6360678659792577,0,00000000
armA,11_86089237_G_A,1,32,31,empirical_mode,True,0,0.0,590,0.9007633587786259,True,1,0.8270882760071785,32,ffffffff
armA,11_86089237_G_A,1,32,31,ld_sign,True,0,0.0,590,0.9007633587786259,True,1,0.8270882760071785,32,ffffffff
armA,14_52832135_A_G,0,39,38,empirical_mode,True,0,0.0,93,0.8773584905660378,True,1,0.61783932503745,4,0048200040
armA,14_52832135_A_G,0,39,38,ld_sign,True,0,0.0,93,0.8773584905660378,True,1,0.61783932503745,4,0048200040
armA,14_52832135_A_G,1,39,38,empirical_mode,True,0,0.0,876,0.9733333333333334,True,1,0.9374871918580683,35,ffb7dfff3f
armA,14_52832135_A_G,1,39,38,ld_sign,True,0,0.0,876,0.9733333333333334,True,1,0.9374871918580683,35,ffb7dfff3f
armA,15_58764824_T_A,0,17,16,empirical_mode,True,0,0.0,627,0.8969957081545065,True,1,0.8479059047932215,1,001000
armA,15_58764824_T_A,0,17,16,ld_sign,True,0,0.0,627,0.8969957081545065,True,1,0.8479059047932215,1,001000
armA,15_58764824_T_A,1,17,16,empirical_mode,True,0,0.0,288,0.9381107491856677,True,1,0.7929805769057037,16,ffef01
armA,15_58764824_T_A,1,17,16,ld_sign,True,0,0.0,288,0.9381107491856677,True,1,0.7929805769057037,16,ffef01
armA,15_63277703_C_T,0,3,2,empirical_mode,True,0,0.0,866,0.9954022988505747,True,1,0.9803461737718744,0,00
armA,15_63277703_C_T,0,3,2,ld_sign,True,0,0.0,866,0.9954022988505747,True,1,0.9803461737718744,0,00
armA,15_63277703_C_T,1,3,2,empirical_mode,True,0,0.0,127,0.9338235294117647,True,1,0.8551479619480538,3,07
armA,15_63277703_C_T,1,3,2,ld_sign,True,0,0.0,127,0.9338235294117647,True,1,0.8551479619480538,3,07
armA,17_44364976_T_C,0,13,12,empirical_mode,True,0,0.0,584,0.9765886287625418,True,1,0.8951874573361125,0,0000
armA,17_44364976_T_C,0,13,12,ld_sign,True,0,0.0,584,0.9765886287625418,True,1,0.8951874573361125,0,0000
armA,17_44364976_T_C,1,13,12,empirical_mode,True,0,0.0,370,0.9068627450980392,True,1,0.784778390681026,13,ff1f
armA,17_44364976_T_C,1,13,12,ld_sign,True,0,0.0,370,0.9068627450980392,True,1,0.784778390681026,13,ff1f
armA,17_46062125_A_C,0,1286,1285,empirical_mode,True,0,0.0,631,0.8413333333333334,True,1,0.35029147887258927,2,0000000000000000000000000000000000000000000000000000410000000000000000000000000000000000000000000000000000000000000000000000000000000000000000000000000000000000000000000000000000000000000000000000000000000000000000000000000000000000000000000000000000000000000000000000000000000000000000000000000000000000000000000000000000
armA,17_46062125_A_C,0,1286,1285,ld_sign,True,0,0.0,631,0.8413333333333334,True,1,0.35029147887258927,2,0000000000000000000000000000000000000000000000000000410000000000000000000000000000000000000000000000000000000000000000000000000000000000000000000000000000000000000000000000000000000000000000000000000000000000000000000000000000000000000000000000000000000000000000000000000000000000000000000000000000000000000000000000000000
armA,17_46062125_A_C,1,1286,1285,empirical_mode,True,0,0.0,117,0.45703125,True,1,0.05347055351092735,1284,ffffffffffffffffffffffffffffffffffffffffffffffffffffbeffffffffffffffffffffffffffffffffffffffffffffffffffffffffffffffffffffffffffffffffffffffffffffffffffffffffffffffffffffffffffffffffffffffffffffffffffffffffffffffffffffffffffffffffffffffffffffffffffffffffffffffffffffffffffffffffffffffffffffffffffffffffffffffffffffffffff3f
armA,17_46062125_A_C,1,1286,1285,ld_sign,True,0,0.0,117,0.45703125,True,1,0.05347055351092735,1284,ffffffffffffffffffffffffffffffffffffffffffffffffffffbeffffffffffffffffffffffffffffffffffffffffffffffffffffffffffffffffffffffffffffffffffffffffffffffffffffffffffffffffffffffffffffffffffffffffffffffffffffffffffffffffffffffffffffffffffffffffffffffffffffffffffffffffffffffffffffffffffffffffffffffffffffffffffffffffffffffffff3f
armA,17_49373413_G_A,0,32,31,empirical_mode,True,0,0.0,509,0.9443413729128015,True,1,0.8237030177614272,7,fe000000
armA,17_49373413_G_A,0,32,31,ld_sign,True,0,0.0,509,0.9443413729128015,True,1,0.8237030177614272,7,fe000000
armA,17_49373413_G_A,1,32,31,empirical_mode,True,0,0.0,426,0.9122055674518201,True,1,0.770563567320606,25,01ffffff
armA,17_49373413_G_A,1,32,31,ld_sign,True,0,0.0,426,0.9122055674518201,True,1,0.770563567320606,25,01ffffff
armA,17_5066645_C_T,0,23,22,empirical_mode,True,0,0.0,614,0.9109792284866469,True,1,0.8612470975901789,12,74c21f
armA,17_5066645_C_T,0,23,22,ld_sign,True,0,0.0,614,0.9109792284866469,True,1,0.8612470975901789,12,74c21f
armA,17_5066645_C_T,1,23,22,empirical_mode,True,0,0.0,303,0.9126506024096386,True,1,0.7861976214583414,11,8b3d60
armA,17_5066645_C_T,1,23,22,ld_sign,True,0,0.0,303,0.9126506024096386,True,1,0.7861976214583414,11,8b3d60
armA,17_58331728_G_C,0,3,2,empirical_mode,True,0,0.0,530,0.9869646182495344,True,1,0.9352643806334144,0,00
armA,17_58331728_G_C,0,3,2,ld_sign,True,0,0.0,530,0.9869646182495344,True,1,0.9352643806334144,0,00
armA,17_58331728_G_C,1,3,2,empirical_mode,True,0,0.0,463,0.9872068230277186,True,1,0.9289321619183541,3,07
armA,17_58331728_G_C,1,3,2,ld_sign,True,0,0.0,463,0.9872068230277186,True,1,0.9289321619183541,3,07
armA,17_63468418_C_T,0,10,9,empirical_mode,True,0,0.0,355,0.9699453551912568,True,1,0.8610238421016705,0,0000
armA,17_63468418_C_T,0,10,9,ld_sign,True,0,0.0,355,0.9699453551912568,True,1,0.8610238421016705,0,0000
armA,17_63468418_C_T,1,10,9,empirical_mode,True,0,0.0,624,0.975,True,1,0.8958549332733621,10,ff03
armA,17_63468418_C_T,1,10,9,ld_sign,True,0,0.0,624,0.975,True,1,0.8958549332733621,10,ff03
armA,19_44946027_T_G,0,62,61,empirical_mode,True,0,0.0,463,0.9060665362035225,True,1,0.6905117502206027,4,000000000000003c
armA,19_44946027_T_G,0,62,61,ld_sign,True,0,0.0,463,0.9060665362035225,True,1,0.6905117502206027,4,000000000000003c
armA,19_44946027_T_G,1,62,61,empirical_mode,True,0,0.0,411,0.8303030303030303,True,1,0.6607956737780754,58,ffffffffffffff03
armA,19_44946027_T_G,1,62,61,ld_sign,True,0,0.0,411,0.8303030303030303,True,1,0.6607956737780754,58,ffffffffffffff03
armA,19_48710247_G_A,0,36,35,empirical_mode,True,0,0.0,518,0.9700374531835206,True,1,0.8000663926993008,0,0000000000
armA,19_48710247_G_A,0,36,35,ld_sign,True,0,0.0,518,0.9700374531835206,True,1,0.8000663926993008,0,0000000000
armA,19_48710247_G_A,1,36,35,empirical_mode,True,0,0.0,412,0.8728813559322034,True,1,0.7183778980168123,36,ffffffff0f
armA,19_48710247_G_A,1,36,35,ld_sign,True,0,0.0,412,0.8728813559322034,True,1,0.7183778980168123,36,ffffffff0f
armA,19_51234736_T_G,0,6,5,empirical_mode,True,0,0.0,666,1.0,True,1,0.9461937541646047,0,00
armA,19_51234736_T_G,0,6,5,ld_sign,True,0,0.0,666,1.0,True,1,0.9461937541646047,0,00
armA,19_51234736_T_G,1,6,5,empirical_mode,True,0,0.0,311,0.9147058823529411,True,1,0.8170928022250579,6,3f
armA,19_51234736_T_G,1,6,5,ld_sign,True,0,0.0,311,0.9147058823529411,True,1,0.8170928022250579,6,3f
armA,19_54313903_C_A,0,10,9,empirical_mode,True,0,0.0,483,0.9545454545454546,True,1,0.8802946305581324,0,0000
armA,19_54313903_C_A,0,10,9,ld_sign,True,0,0.0,483,0.9545454545454546,True,1,0.8802946305581324,0,0000
armA,19_54313903_C_A,1,10,9,empirical_mode,True,0,0.0,465,0.93,True,1,0.856527216805812,10,ff03
armA,19_54313903_C_A,1,10,9,ld_sign,True,0,0.0,465,0.93,True,1,0.856527216805812,10,ff03
armA,1_207577223_T_C,0,24,23,empirical_mode,True,0,0.0,162,0.9364161849710982,True,1,0.6995857123829406,0,000000
armA,1_207577223_T_C,0,24,23,ld_sign,True,0,0.0,162,0.9364161849710982,True,1,0.6995857123829406,0,000000
armA,1_207577223_T_C,1,24,23,empirical_mode,True,0,0.0,790,0.9483793517406963,True,1,0.901493349939006,24,ffffff
armA,1_207577223_T_C,1,24,23,ld_sign,True,0,0.0,790,0.9483793517406963,True,1,0.901493349939006,24,ffffff
armA,20_56420643_C_T,0,19,18,empirical_mode,True,0,0.0,907,0.9858695652173913,True,1,0.9635447512655216,0,000000
armA,20_56420643_C_T,0,19,18,ld_sign,True,0,0.0,907,0.9858695652173913,True,1,0.9635447512655216,0,000000
armA,20_56420643_C_T,1,19,18,empirical_mode,True,0,0.0,72,0.8372093023255814,True,1,0.6602699780342415,19,ffff07
armA,20_56420643_C_T,1,19,18,ld_sign,True,0,0.0,72,0.8372093023255814,True,1,0.6602699780342415,19,ffff07
armA,21_26148613_G_T,0,23,22,empirical_mode,True,0,0.0,495,0.8935018050541517,True,1,0.7821576400631494,9,fe4100
armA,21_26148613_G_T,0,23,22,ld_sign,True,0,0.0,495,0.8935018050541517,True,1,0.7821576400631494,9,fe4100
armA,21_26148613_G_T,1,23,22,empirical_mode,True,0,0.0,411,0.9092920353982301,True,1,0.7843456061201985,14,01be7f
armA,21_26148613_G_T,1,23,22,ld_sign,True,0,0.0,411,0.9092920353982301,True,1,0.7843456061201985,14,01be7f
armA,2_127133851_A_C,0,2,1,empirical_mode,True,0,0.0,598,0.998330550918197,True,1,0.9806770366970529,0,00
armA,2_127133851_A_C,0,2,1,ld_sign,True,0,0.0,598,0.998330550918197,True,1,0.9806770366970529,0,00
armA,2_127133851_A_C,1,2,1,empirical_mode,True,0,0.0,381,0.9361179361179361,True,1,0.9102230269934228,2,03
armA,2_127133851_A_C,1,2,1,ld_sign,True,0,0.0,381,0.9361179361179361,True,1,0.9102230269934228,2,03
armA,2_233173931_A_C,0,35,34,empirical_mode,True,0,0.0,526,0.9228070175438596,True,1,0.798030990820701,0,0000000000
armA,2_233173931_A_C,0,35,34,ld_sign,True,0,0.0,526,0.9228070175438596,True,1,0.798030990820701,0,0000000000
armA,2_233173931_A_C,1,35,34,empirical_mode,True,0,0.0,420,0.963302752293578,True,1,0.7954741467615687,35,ffffffff07
armA,2_233173931_A_C,1,35,34,ld_sign,True,0,0.0,420,0.963302752293578,True,1,0.7954741467615687,35,ffffffff07
armA,5_157099320_A_G,0,22,21,empirical_mode,True,0,0.0,227,0.9869565217391304,True,1,0.770207781347184,0,000000
armA,5_157099320_A_G,0,22,21,ld_sign,True,0,0.0,227,0.9869565217391304,True,1,0.770207781347184,0,000000
armA,5_157099320_A_G,1,22,21,empirical_mode,True,0,0.0,732,0.9432989690721649,True,1,0.8917156664555977,22,ffff3f
armA,5_157099320_A_G,1,22,21,ld_sign,True,0,0.0,732,0.9432989690721649,True,1,0.8917156664555977,22,ffff3f
armA,6_47584444_A_T,0,79,78,empirical_mode,True,0,0.0,738,0.9800796812749004,True,1,0.8659867073891876,0,00000000000000000000
armA,6_47584444_A_T,0,79,78,ld_sign,True,0,0.0,738,0.9800796812749004,True,1,0.8659867073891876,0,00000000000000000000
armA,6_47584444_A_T,1,79,78,empirical_mode,True,0,0.0,229,0.9051383399209486,True,1,0.6606224458623318,79,ffffffffffffffffff7f
armA,6_47584444_A_T,1,79,78,ld_sign,True,0,0.0,229,0.9051383399209486,True,1,0.6606224458623318,79,ffffffffffffffffff7f
armA,7_100334426_C_T,0,8,7,empirical_mode,True,0,0.0,276,0.8363636363636363,True,1,0.765487959691409,1,08
armA,7_100334426_C_T,0,8,7,ld_sign,True,0,0.0,276,0.8363636363636363,True,1,0.765487959691409,1,08
armA,7_100334426_C_T,1,8,7,empirical_mode,True,0,0.0,649,0.9600591715976331,True,1,0.9133049528017698,7,f7
armA,7_100334426_C_T,1,8,7,ld_sign,True,0,0.0,649,0.9600591715976331,True,1,0.9133049528017698,7,f7
armA,7_12229132_A_C,0,99,98,empirical_mode,True,0,0.0,584,0.9765886287625418,True,1,0.8037829219200991,0,00000000000000000000000000
armA,7_12229132_A_C,0,99,98,ld_sign,True,0,0.0,584,0.9765886287625418,True,1,0.8037829219200991,0,00000000000000000000000000
armA,7_12229132_A_C,1,99,98,empirical_mode,True,0,0.0,380,0.9313725490196079,True,1,0.7189192916519297,99,ffffffffffffffffffffffff07
armA,7_12229132_A_C,1,99,98,ld_sign,True,0,0.0,380,0.9313725490196079,True,1,0.7189192916519297,99,ffffffffffffffffffffffff07
armA,8_144053248_G_A,0,3,2,empirical_mode,True,0,0.0,948,0.9989462592202318,True,1,0.9898496772731484,0,00
armA,8_144053248_G_A,0,3,2,ld_sign,True,0,0.0,948,0.9989462592202318,True,1,0.9898496772731484,0,00
armA,8_144053248_G_A,1,3,2,empirical_mode,True,0,0.0,55,0.9649122807017544,True,1,0.8295305815135814,3,07
armA,8_144053248_G_A,1,3,2,ld_sign,True,0,0.0,55,0.9649122807017544,True,1,0.8295305815135814,3,07
armA,8_27608798_T_C,0,11,10,empirical_mode,True,0,0.0,375,0.9664948453608248,True,1,0.8357704664407988,0,0000
armA,8_27608798_T_C,0,11,10,ld_sign,True,0,0.0,375,0.9664948453608248,True,1,0.8357704664407988,0,0000
armA,8_27608798_T_C,1,11,10,empirical_mode,True,0,0.0,574,0.9288025889967637,True,1,0.8650906612189848,11,ff07
armA,8_27608798_T_C,1,11,10,ld_sign,True,0,0.0,574,0.9288025889967637,True,1,0.8650906612189848,11,ff07
armB,10_11676714_A_G,0,9,8,empirical_mode,True,0,0.0,544,0.9908925318761385,True,1,0.9686843806006064,0,0000
armB,10_11676714_A_G,0,9,8,ld_sign,True,0,0.0,544,0.9908925318761385,True,1,0.9686843806006064,0,0000
armB,10_11676714_A_G,1,9,8,empirical_mode,True,0,0.0,331,0.7242888402625821,True,1,0.6453646549129441,9,ff01
armB,10_11676714_A_G,1,9,8,ld_sign,True,0,0.0,331,0.7242888402625821,True,1,0.6453646549129441,9,ff01
armB,10_59978394_G_T,0,51,50,empirical_mode,True,0,0.0,283,0.6302895322939867,True,1,0.5050066303017983,10,62816052000000
armB,10_59978394_G_T,0,51,50,ld_sign,True,0,0.0,283,0.6302895322939867,True,1,0.5050066303017983,10,62816052000000
armB,10_59978394_G_T,1,51,50,empirical_mode,True,0,0.0,270,0.48473967684021546,True,1,0.4852981248003238,41,9d7e9fadffff07
armB,10_59978394_G_T,1,51,50,ld_sign,True,0,0.0,270,0.48473967684021546,True,1,0.4852981248003238,41,9d7e9fadffff07
armB,11_121564878_T_C,0,11,10,empirical_mode,True,0,0.0,963,1.0,True,1,0.993424388236037,1,4000
armB,11_121564878_T_C,0,11,10,ld_sign,True,0,0.0,963,1.0,True,1,0.993424388236037,1,4000
armB,11_121564878_T_C,1,11,10,empirical_mode,True,0,0.0,27,0.627906976744186,True,1,0.4200749644398202,10,bf07
armB,11_121564878_T_C,1,11,10,ld_sign,True,0,0.0,27,0.627906976744186,True,1,0.4200749644398202,10,bf07
armB,11_47358789_G_T,0,80,79,empirical_mode,True,0,0.0,292,0.6347826086956522,True,1,0.49433623211803723,40,8ad488083ff1e906a3ff
armB,11_47358789_G_T,0,80,79,ld_sign,True,0,0.0,292,0.6347826086956522,True,1,0.49433623211803723,40,8ad488083ff1e906a3ff
armB,11_47358789_G_T,1,80,79,empirical_mode,True,0,0.0,369,0.6758241758241759,True,1,0.5367193043275518,40,752b77f7c00e16f95c00
armB,11_47358789_G_T,1,80,79,ld_sign,True,0,0.0,369,0.6758241758241759,True,1,0.5367193043275518,40,752b77f7c00e16f95c00
armB,11_60254475_G_A,0,179,178,empirical_mode,True,0,0.0,382,0.5959438377535101,True,1,0.4447424230079529,42,0000000000000000006858110000000004f2ffffff6101
armB,11_60254475_G_A,0,179,178,ld_sign,True,0,0.0,382,0.5959438377535101,True,1,0.4447424230079529,42,0000000000000000006858110000000004f2ffffff6101
armB,11_60254475_G_A,1,179,178,empirical_mode,True,0,0.0,193,0.5287671232876713,True,1,0.2586468916965052,137,ffffffffffffffffff97a7eefffffffffb0d0000009e06
armB,11_60254475_G_A,1,179,178,ld_sign,True,0,0.0,193,0.5287671232876713,True,1,0.2586468916965052,137,ffffffffffffffffff97a7eefffffffffb0d0000009e06
armB,11_86089237_G_A,0,60,59,empirical_mode,True,0,0.0,253,0.7207977207977208,True,1,0.43566974686317717,0,0000000000000000
armB,11_86089237_G_A,0,60,59,ld_sign,True,0,0.0,253,0.7207977207977208,True,1,0.43566974686317717,0,0000000000000000
armB,11_86089237_G_A,1,60,59,empirical_mode,True,0,0.0,344,0.5251908396946565,True,1,0.5053416199372036,60,ffffffffffffff0f
armB,11_86089237_G_A,1,60,59,ld_sign,True,0,0.0,344,0.5251908396946565,True,1,0.5053416199372036,60,ffffffffffffff0f
armB,14_52832135_A_G,0,129,128,empirical_mode,True,0,0.0,38,0.3584905660377358,True,1,0.06301739800096584,59,feffffff07208100008100250000ffff01
armB,14_52832135_A_G,0,129,128,ld_sign,True,0,0.0,38,0.3584905660377358,True,1,0.06301739800096584,59,feffffff07208100008100250000ffff01
armB,14_52832135_A_G,1,129,128,empirical_mode,True,0,0.0,820,0.9111111111111111,True,1,0.7321012841393346,70,01000000f8df7effff7effdaffff000000
armB,14_52832135_A_G,1,129,128,ld_sign,True,0,0.0,820,0.9111111111111111,True,1,0.7321012841393346,70,01000000f8df7effff7effdaffff000000
armB,14_92472511_G_A,0,4,3,empirical_mode,True,0,0.0,536,0.8023952095808383,True,1,0.7897447908783571,1,08
armB,14_92472511_G_A,0,4,3,ld_sign,True,0,0.0,536,0.8023952095808383,True,1,0.7897447908783571,1,08
armB,14_92472511_G_A,1,4,3,empirical_mode,True,0,0.0,209,0.6183431952662722,True,1,0.5861865740202832,3,07
armB,14_92472511_G_A,1,4,3,ld_sign,True,0,0.0,209,0.6183431952662722,True,1,0.5861865740202832,3,07
armB,15_58764824_T_A,0,60,59,empirical_mode,True,0,0.0,512,0.7324749642346209,True,1,0.6392378524291866,3,0000008001000800
armB,15_58764824_T_A,0,60,59,ld_sign,True,0,0.0,512,0.7324749642346209,True,1,0.6392378524291866,3,0000008001000800
armB,15_58764824_T_A,1,60,59,empirical_mode,True,0,0.0,205,0.6677524429967426,True,1,0.488215753525398,57,ffffff7ffefff70f
armB,15_58764824_T_A,1,60,59,ld_sign,True,0,0.0,205,0.6677524429967426,True,1,0.488215753525398,57,ffffff7ffefff70f
armB,15_63277703_C_T,0,4,3,empirical_mode,True,0,0.0,851,0.9781609195402299,True,1,0.963135767560337,0,00
armB,15_63277703_C_T,0,4,3,ld_sign,True,0,0.0,851,0.9781609195402299,True,1,0.963135767560337,0,00
armB,15_63277703_C_T,1,4,3,empirical_mode,True,0,0.0,107,0.7867647058823529,True,1,0.724690338181425,4,0f
armB,15_63277703_C_T,1,4,3,ld_sign,True,0,0.0,107,0.7867647058823529,True,1,0.724690338181425,4,0f
armB,17_44364976_T_C,0,18,17,empirical_mode,True,0,0.0,447,0.7474916387959866,True,1,0.7051131609996125,2,000003
armB,17_44364976_T_C,0,18,17,ld_sign,True,0,0.0,447,0.7474916387959866,True,1,0.7051131609996125,2,000003
armB,17_44364976_T_C,1,18,17,empirical_mode,True,0,0.0,211,0.5171568627450981,True,1,0.4985453321858761,16,ffff00
armB,17_44364976_T_C,1,18,17,ld_sign,True,0,0.0,211,0.5171568627450981,True,1,0.4985453321858761,16,ffff00
armB,17_46062125_A_C,0,2694,2693,empirical_mode,True,0,0.0,315,0.42,True,1,0.03185688533943686,23,00000000000000000000000000000000000000001001004010041012080007020000000000000000000000000000000000000000000000000000000010000009000000000000000000000000000000000000000000000400000000000000000000000000000000000000000000000000000000000000000000000000000000000000000000000000000000000000000000000000000000000000000000000000000000000000000000000000000000000000000220080000000000000000000000000000000000000000000000000000000000000000000000000000000000000000000000000000000000000000000000000000000000000000000000000000000000000000000000000000000000000000000000000000000000000000000000000000000000000000000000000000000000000000000000000000500000000040000000000000000000000000000000
armB,17_46062125_A_C,0,2694,2693,ld_sign,True,0,0.0,315,0.42,True,1,0.03185688533943686,23,00000000000000000000000000000000000000001001004010041012080007020000000000000000000000000000000000000000000000000000000010000009000000000000000000000000000000000000000000000400000000000000000000000000000000000000000000000000000000000000000000000000000000000000000000000000000000000000000000000000000000000000000000000000000000000000000000000000000000000000000220080000000000000000000000000000000000000000000000000000000000000000000000000000000000000000000000000000000000000000000000000000000000000000000000000000000000000000000000000000000000000000000000000000000000000000000000000000000000000000000000000000000000000000000000000000500000000040000000000000000000000000000000
armB,17_46062125_A_C,1,2694,2693,empirical_mode,False,2693,1.0,6,0.0234375,True,2,9.139905622353598e-05,2671,ffffffffffffffffffffffffffffffffffffffffeffeffbfeffbefedf7fff8fdffffffffffffffffffffffffffffffffffffffffffffffffffffffffeffffff6fffffffffffffffffffffffffffffffffffffffffffffbfffffffffffffffffffffffffffffffffffffffffffffffffffffffffffffffffffffffffffffffffffffffffffffffffffffffffffffffffffffffffffffffffffffffffffffffffffffffffffffffffffffffffffffffffffffffffddff7ffffffffffffffffffffffffffffffffffffffffffffffffffffffffffffffffffffffffffffffffffffffffffffffffffffffffffffffffffffffffffffffffffffffffffffffffffffffffffffffffffffffffffffffffffffffffffffffffffffffffffffffffffffffffffffffffffffffffffffffffffffffffffffffffffffffffffffafffffffffbfffffffffffffffffffffffffffff3f
armB,17_46062125_A_C,1,2694,2693,ld_sign,False,2693,1.0,6,0.0234375,True,2,9.139905622353598e-05,2671,ffffffffffffffffffffffffffffffffffffffffeffeffbfeffbefedf7fff8fdffffffffffffffffffffffffffffffffffffffffffffffffffffffffeffffff6fffffffffffffffffffffffffffffffffffffffffffffbfffffffffffffffffffffffffffffffffffffffffffffffffffffffffffffffffffffffffffffffffffffffffffffffffffffffffffffffffffffffffffffffffffffffffffffffffffffffffffffffffffffffffffffffffffffffffddff7ffffffffffffffffffffffffffffffffffffffffffffffffffffffffffffffffffffffffffffffffffffffffffffffffffffffffffffffffffffffffffffffffffffffffffffffffffffffffffffffffffffffffffffffffffffffffffffffffffffffffffffffffffffffffffffffffffffffffffffffffffffffffffffffffffffffffffffafffffffffbfffffffffffffffffffffffffffff3f
armB,17_49373413_G_A,0,89,88,empirical_mode,True,0,0.0,332,0.6159554730983302,True,1,0.5902507329071001,46,deffffffffef010000000000
armB,17_49373413_G_A,0,89,88,ld_sign,True,0,0.0,332,0.6159554730983302,True,1,0.5902507329071001,46,deffffffffef010000000000
armB,17_49373413_G_A,1,89,88,empirical_mode,True,0,0.0,317,0.6788008565310493,True,1,0.4252351173576562,43,210000000010feffffffff01
armB,17_49373413_G_A,1,89,88,ld_sign,True,0,0.0,317,0.6788008565310493,True,1,0.4252351173576562,43,210000000010feffffffff01
armB,17_5066645_C_T,0,34,33,empirical_mode,True,0,0.0,561,0.8323442136498517,True,1,0.7522358815622442,15,e808f76001
armB,17_5066645_C_T,0,34,33,ld_sign,True,0,0.0,561,0.8323442136498517,True,1,0.7522358815622442,15,e808f76001
armB,17_5066645_C_T,1,34,33,empirical_mode,True,0,0.0,165,0.49698795180722893,True,1,0.4131498484652396,19,17f7089f02
armB,17_5066645_C_T,1,34,33,ld_sign,True,0,0.0,165,0.49698795180722893,True,1,0.4131498484652396,19,17f7089f02
armB,17_58331728_G_C,0,4,3,empirical_mode,True,0,0.0,505,0.9404096834264432,True,1,0.8890719176877389,0,00
armB,17_58331728_G_C,0,4,3,ld_sign,True,0,0.0,505,0.9404096834264432,True,1,0.8890719176877389,0,00
armB,17_58331728_G_C,1,4,3,empirical_mode,True,0,0.0,420,0.8955223880597015,True,1,0.8461285781357247,4,0f
armB,17_58331728_G_C,1,4,3,ld_sign,True,0,0.0,420,0.8955223880597015,True,1,0.8461285781357247,4,0f
armB,17_63468418_C_T,0,13,12,empirical_mode,True,0,0.0,353,0.9644808743169399,True,1,0.8609539377213161,0,0000
armB,17_63468418_C_T,0,13,12,ld_sign,True,0,0.0,353,0.9644808743169399,True,1,0.8609539377213161,0,0000
armB,17_63468418_C_T,1,13,12,empirical_mode,True,0,0.0,543,0.8484375,True,1,0.7997737104599079,13,ff1f
armB,17_63468418_C_T,1,13,12,ld_sign,True,0,0.0,543,0.8484375,True,1,0.7997737104599079,13,ff1f
armB,19_1050875_A_G,0,2,1,empirical_mode,True,0,0.0,250,0.7352941176470589,True,1,0.7355180815878077,0,00
armB,19_1050875_A_G,0,2,1,ld_sign,True,0,0.0,250,0.7352941176470589,True,1,0.7355180815878077,0,00
armB,19_1050875_A_G,1,2,1,empirical_mode,True,0,0.0,649,0.9744744744744744,True,1,0.9744094625367812,2,03
armB,19_1050875_A_G,1,2,1,ld_sign,True,0,0.0,649,0.9744744744744744,True,1,0.9744094625367812,2,03
armB,19_44908684_T_C,0,17,16,empirical_mode,True,0,0.0,693,0.8143360752056404,True,1,0.778928313546386,0,000000
armB,19_44908684_T_C,0,17,16,ld_sign,True,0,0.0,693,0.8143360752056404,True,1,0.778928313546386,0,000000
armB,19_44908684_T_C,1,17,16,empirical_mode,True,0,0.0,99,0.6387096774193548,True,1,0.5212228693169075,17,ffff01
armB,19_44908684_T_C,1,17,16,ld_sign,True,0,0.0,99,0.6387096774193548,True,1,0.5212228693169075,17,ffff01
armB,19_44946027_T_G,0,86,85,empirical_mode,True,0,0.0,377,0.7377690802348337,True,1,0.4135532186946582,16,0000000000000070e5823f
armB,19_44946027_T_G,0,86,85,ld_sign,True,0,0.0,377,0.7377690802348337,True,1,0.4135532186946582,16,0000000000000070e5823f
armB,19_44946027_T_G,1,86,85,empirical_mode,True,0,0.0,250,0.5050505050505051,True,1,0.3446304180037261,70,ffffffffffffff8f1a7d00
armB,19_44946027_T_G,1,86,85,ld_sign,True,0,0.0,250,0.5050505050505051,True,1,0.3446304180037261,70,ffffffffffffff8f1a7d00
armB,19_48710247_G_A,0,74,73,empirical_mode,True,0,0.0,303,0.5674157303370787,True,1,0.3560800414291042,7,0002000080020000c003
armB,19_48710247_G_A,0,74,73,ld_sign,True,0,0.0,303,0.5674157303370787,True,1,0.3560800414291042,7,0002000080020000c003
armB,19_48710247_G_A,1,74,73,empirical_mode,True,0,0.0,287,0.6080508474576272,True,1,0.3848938835043338,67,fffdffff7ffdffff3f00
armB,19_48710247_G_A,1,74,73,ld_sign,True,0,0.0,287,0.6080508474576272,True,1,0.3848938835043338,67,fffdffff7ffdffff3f00
armB,19_51234736_T_G,0,7,6,empirical_mode,True,0,0.0,666,1.0,True,1,0.9448651946798757,0,00
armB,19_51234736_T_G,0,7,6,ld_sign,True,0,0.0,666,1.0,True,1,0.9448651946798757,0,00
armB,19_51234736_T_G,1,7,6,empirical_mode,True,0,0.0,211,0.6205882352941177,True,1,0.6005596072912818,7,7f
armB,19_51234736_T_G,1,7,6,ld_sign,True,0,0.0,211,0.6205882352941177,True,1,0.6005596072912818,7,7f
armB,19_54313903_C_A,0,11,10,empirical_mode,True,0,0.0,475,0.9387351778656127,True,1,0.8524802218178577,0,0000
armB,19_54313903_C_A,0,11,10,ld_sign,True,0,0.0,475,0.9387351778656127,True,1,0.8524802218178577,0,0000
armB,19_54313903_C_A,1,11,10,empirical_mode,True,0,0.0,411,0.822,True,1,0.7722505782546174,11,ff07
armB,19_54313903_C_A,1,11,10,ld_sign,True,0,0.0,411,0.822,True,1,0.7722505782546174,11,ff07
armB,1_207577223_T_C,0,24,23,empirical_mode,True,0,0.0,162,0.9364161849710982,True,1,0.6995857123829406,0,000000
armB,1_207577223_T_C,0,24,23,ld_sign,True,0,0.0,162,0.9364161849710982,True,1,0.6995857123829406,0,000000
armB,1_207577223_T_C,1,24,23,empirical_mode,True,0,0.0,790,0.9483793517406963,True,1,0.901493349939006,24,ffffff
armB,1_207577223_T_C,1,24,23,ld_sign,True,0,0.0,790,0.9483793517406963,True,1,0.901493349939006,24,ffffff
armB,20_56420643_C_T,0,27,26,empirical_mode,True,0,0.0,867,0.9423913043478261,True,1,0.9194181083411588,0,00000000
armB,20_56420643_C_T,0,27,26,ld_sign,True,0,0.0,867,0.9423913043478261,True,1,0.9194181083411588,0,00000000
armB,20_56420643_C_T,1,27,26,empirical_mode,True,0,0.0,60,0.6976744186046512,True,1,0.4733421154340144,27,ffffff07
armB,20_56420643_C_T,1,27,26,ld_sign,True,0,0.0,60,0.6976744186046512,True,1,0.4733421154340144,27,ffffff07
armB,21_25970679_C_T,0,70,69,empirical_mode,True,0,0.0,713,0.983448275862069,True,1,0.9377522461478544,0,000000000000000000
armB,21_25970679_C_T,0,70,69,ld_sign,True,0,0.0,713,0.983448275862069,True,1,0.9377522461478544,0,000000000000000000
armB,21_25970679_C_T,1,70,69,empirical_mode,True,0,0.0,185,0.6583629893238434,True,1,0.46426928005686124,70,ffffffffffffffff3f
armB,21_25970679_C_T,1,70,69,ld_sign,True,0,0.0,185,0.6583629893238434,True,1,0.46426928005686124,70,ffffffffffffffff3f
armB,21_26148613_G_T,0,75,74,empirical_mode,True,0,0.0,438,0.7906137184115524,True,1,0.5416138778405284,16,fe7f0210000000000000
armB,21_26148613_G_T,0,75,74,ld_sign,True,0,0.0,438,0.7906137184115524,True,1,0.5416138778405284,16,fe7f0210000000000000
armB,21_26148613_G_T,1,75,74,empirical_mode,True,0,0.0,218,0.4823008849557522,True,1,0.38198473415743806,59,0180fdefffffffffff07
armB,21_26148613_G_T,1,75,74,ld_sign,True,0,0.0,218,0.4823008849557522,True,1,0.38198473415743806,59,0180fdefffffffffff07
armB,2_127133851_A_C,0,6,5,empirical_mode,True,0,0.0,593,0.989983305509182,True,1,0.9282140425898581,0,00
armB,2_127133851_A_C,0,6,5,ld_sign,True,0,0.0,593,0.989983305509182,True,1,0.9282140425898581,0,00
armB,2_127133851_A_C,1,6,5,empirical_mode,True,0,0.0,194,0.47665847665847666,True,1,0.4530488347741507,6,3f
armB,2_127133851_A_C,1,6,5,ld_sign,True,0,0.0,194,0.47665847665847666,True,1,0.4530488347741507,6,3f
armB,2_233173931_A_C,0,129,128,empirical_mode,True,0,0.0,257,0.45087719298245615,True,1,0.32913271760447654,70,000080f7fffffff7fffffd0c000000e501
armB,2_233173931_A_C,0,129,128,ld_sign,True,0,0.0,257,0.45087719298245615,True,1,0.32913271760447654,70,000080f7fffffff7fffffd0c000000e501
armB,2_233173931_A_C,1,129,128,empirical_mode,True,0,0.0,292,0.6697247706422018,True,1,0.3124454651705596,59,ffff7f0800000008000002f3ffffff1a00
armB,2_233173931_A_C,1,129,128,ld_sign,True,0,0.0,292,0.6697247706422018,True,1,0.3124454651705596,59,ffff7f0800000008000002f3ffffff1a00
armB,4_11013198_A_G,0,19,18,empirical_mode,True,0,0.0,190,0.867579908675799,True,1,0.7511618967447186,2,0c0000
armB,4_11013198_A_G,0,19,18,ld_sign,True,0,0.0,190,0.867579908675799,True,1,0.7511618967447186,2,0c0000
armB,4_11013198_A_G,1,19,18,empirical_mode,True,0,0.0,709,0.9008894536213469,True,1,0.815874636735984,17,f3ff07
armB,4_11013198_A_G,1,19,18,ld_sign,True,0,0.0,709,0.9008894536213469,True,1,0.815874636735984,17,f3ff07
armB,5_157099320_A_G,0,89,88,empirical_mode,True,0,0.0,118,0.5130434782608696,True,1,0.32923499351175567,12,000000000000000000e0ff01
armB,5_157099320_A_G,0,89,88,ld_sign,True,0,0.0,118,0.5130434782608696,True,1,0.32923499351175567,12,000000000000000000e0ff01
armB,5_157099320_A_G,1,89,88,empirical_mode,True,0,0.0,645,0.8311855670103093,True,1,0.816070031589907,77,ffffffffffffffffff1f0000
armB,5_157099320_A_G,1,89,88,ld_sign,True,0,0.0,645,0.8311855670103093,True,1,0.816070031589907,77,ffffffffffffffffff1f0000
armB,6_32616036_G_A,0,36,35,empirical_mode,True,0,0.0,599,0.8127544097693351,True,1,0.7683187888531074,0,0000000000
armB,6_32616036_G_A,0,36,35,ld_sign,True,0,0.0,599,0.8127544097693351,True,1,0.7683187888531074,0,0000000000
armB,6_32616036_G_A,1,36,35,empirical_mode,True,0,0.0,142,0.5278810408921933,True,1,0.32708604882228925,36,ffffffff0f
armB,6_32616036_G_A,1,36,35,ld_sign,True,0,0.0,142,0.5278810408921933,True,1,0.32708604882228925,36,ffffffff0f
armB,6_47584444_A_T,0,94,93,empirical_mode,True,0,0.0,613,0.8140770252324038,True,1,0.6615452834529014,2,200000000000000000001000
armB,6_47584444_A_T,0,94,93,ld_sign,True,0,0.0,613,0.8140770252324038,True,1,0.6615452834529014,2,200000000000000000001000
armB,6_47584444_A_T,1,94,93,empirical_mode,True,0,0.0,67,0.2648221343873518,True,1,0.23081215608611308,92,dfffffffffffffffffffef3f
armB,6_47584444_A_T,1,94,93,ld_sign,True,0,0.0,67,0.2648221343873518,True,1,0.23081215608611308,92,dfffffffffffffffffffef3f
armB,7_100334426_C_T,0,17,16,empirical_mode,True,0,0.0,168,0.509090909090909,True,1,0.38466886127859007,5,2e0400
armB,7_100334426_C_T,0,17,16,ld_sign,True,0,0.0,168,0.509090909090909,True,1,0.38466886127859007,5,2e0400
armB,7_100334426_C_T,1,17,16,empirical_mode,True,0,0.0,512,0.757396449704142,True,1,0.7399229652221776,12,d1fb01
armB,7_100334426_C_T,1,17,16,ld_sign,True,0,0.0,512,0.757396449704142,True,1,0.7399229652221776,12,d1fb01
armB,7_12229132_A_C,0,138,137,empirical_mode,True,0,0.0,448,0.7491638795986622,True,1,0.5849353327665141,0,000000000000000000000000000000000000
armB,7_12229132_A_C,0,138,137,ld_sign,True,0,0.0,448,0.7491638795986622,True,1,0.5849353327665141,0,000000000000000000000000000000000000
armB,7_12229132_A_C,1,138,137,empirical_mode,True,0,0.0,179,0.4387254901960784,True,1,0.3610563407803505,138,ffffffffffffffffffffffffffffffffff03
armB,7_12229132_A_C,1,138,137,ld_sign,True,0,0.0,179,0.4387254901960784,True,1,0.3610563407803505,138,ffffffffffffffffffffffffffffffffff03
armB,7_143407238_G_C,0,10,9,empirical_mode,True,0,0.0,430,0.6408345752608048,True,1,0.6149384430474765,2,0600
armB,7_143407238_G_C,0,10,9,ld_sign,True,0,0.0,430,0.6408345752608048,True,1,0.6149384430474765,2,0600
armB,7_143407238_G_C,1,10,9,empirical_mode,True,0,0.0,272,0.8119402985074626,True,1,0.6728217409667129,8,f903
armB,7_143407238_G_C,1,10,9,ld_sign,True,0,0.0,272,0.8119402985074626,True,1,0.6728217409667129,8,f903
armB,8_144053248_G_A,0,6,5,empirical_mode,True,0,0.0,907,0.9557428872497366,True,1,0.952172369719262,0,00
armB,8_144053248_G_A,0,6,5,ld_sign,True,0,0.0,907,0.9557428872497366,True,1,0.952172369719262,0,00
armB,8_144053248_G_A,1,6,5,empirical_mode,True,0,0.0,42,0.7368421052631579,True,1,0.5680112198655282,6,3f
armB,8_144053248_G_A,1,6,5,ld_sign,True,0,0.0,42,0.7368421052631579,True,1,0.5680112198655282,6,3f
armB,8_27608798_T_C,0,11,10,empirical_mode,True,0,0.0,375,0.9664948453608248,True,1,0.8357704664407988,0,0000
armB,8_27608798_T_C,0,11,10,ld_sign,True,0,0.0,375,0.9664948453608248,True,1,0.8357704664407988,0,0000
armB,8_27608798_T_C,1,11,10,empirical_mode,True,0,0.0,574,0.9288025889967637,True,1,0.8650906612189848,11,ff07
armB,8_27608798_T_C,1,11,10,ld_sign,True,0,0.0,574,0.9288025889967637,True,1,0.8650906612189848,11,ff07
